Workbook
Name DK: #REF!,#REF!
Name j__200시프복사할걸아마: #REF!
Name J_200: #REF!
Name T_200: #REF!
Name t200복사할것: #REF!,#REF!,#REF!,#REF!,#REF!,#REF!,#REF!,#REF!,#REF!
Name V_210: #REF!
Name ㅁ1: #REF!
Name 메롱: #REF!,#REF!
Name 변기연: #REF!
Name 복사: #REF!
Name 전일계획: #REF!,#REF!

Sheet 1
A1: 원가계산서
A2: 작성일자 : 25.01.14 | C2: 작성자 : 최유정
A3: 차종 | B3: CE FL | D3: 고 객 품 번 | F3: 00370070 | H3: 경 림 품 번 | I3: WA-2312-1111 | K3: 품 명 | L3: CE FL HL STD MAIN DOM/EC LD WIRE
A4: SOP | B4: 2025.05.15 | D4: 연 생 산 수 량 | H4: 고 객 사 | I4: SL 천안공장 | K4: EO NO | L4: DS-24163 | N4: ECO 일자 | O4: 24.12.04
A6: 3. 원가 계산 정보
A7: 원 가 요 소 | C7: 계 산 수 식 | F7: 외작 | G7: 내작 | H7: 계 | I7: 협력사 구매가 | K7: 비고 | U7: 원 가 요 소 | W7: 외작 | X7: 내작 | Y7: 계 | Z7: 협력사 구매가
A8: 1. 재 료 비 | C8: 재료비 합계(내/외작) | F8: =SUMIF($I$29:$I$101,F$7,$S$29:$S$101) -> 1609.45 | G8: =SUMIF($I$29:$I$101,G$7,$S$29:$S$101) -> 839.89 | H8: =+F8+G8 -> 2449.34 | I8: =SUM($S$29:$S$101) -> 2449.34 | U8: 1. 재 료 비 | W8: =SUMIF($T$29:$T$101,W$7,$Z$29:$Z$101) -> 0 | X8: =SUMIF($T$29:$T$101,X$7,$Z$29:$Z$101) -> 0 | Y8: =+W8+X8 -> 0 | Z8: =SUM($Z$29:$Z$101) -> 0
A9: 2. 가공비 | F9: =+F10+F11 -> 1142.76 | G9: =+G10+G11 -> 195.52 | H9: =+F9+G9 -> 1338.28 | I9: =SUM(I10:I11) -> 1142.76 | U9: 2. 가공비 | W9: =+W10+W11 -> 0 | X9: =+X10+X11 -> 0 | Y9: =+W9+X9 -> 0 | Z9: =SUM(Z10:Z11) -> 0
A10: 2. 노 무 비 | C10: 노무비 합계(내/외작) | F10: =SUMIF($I$109:$I$154,F$7,$Q$109:$Q$154) -> 1138.9 | G10: =SUMIF($I$109:$I$154,G$7,$Q$109:$Q$154) -> 165.87 | H10: =+F10+G10 -> 1304.77 | I10: =SUMIF($I$109:$I$154,$F$7,$Q$109:$Q$154) -> 1138.9 | U10: 2. 노 무 비 | W10: =SUMIF($T$109:$T$154,W$7,$X$109:$X$154) -> 0 | X10: =SUMIF($T$109:$T$154,X$7,$X$109:$X$154) -> 0 | Y10: =+W10+X10 -> 0 | Z10: =SUMIF($T$109:$T$154,$W$7,$X$109:$X$154) -> 0
A11: 3. 경 비 | C11: 경비 합계(내/외작) | F11: =SUMIF($I$109:$I$154,F$7,$R$109:$R$154) -> 3.86 | G11: =SUMIF($I$109:$I$154,G$7,$R$109:$R$154) -> 29.65 | H11: =+F11+G11 -> 33.51 | I11: =SUMIF($I$109:$I$154,$F$7,$R$109:$R$154) -> 3.86 | U11: 3. 경 비 | W11: =SUMIF($T$109:$T$154,W$7,$Y$109:$Y$154) -> 0 | X11: =SUMIF($T$109:$T$154,X$7,$Y$109:$Y$154) -> 0 | Y11: =+W11+X11 -> 0 | Z11: =SUMIF($T$109:$T$154,$W$7,$Y$109:$Y$154) -> 0
A12: 4. 제 조 원 가 | C12: ( 1 + 2 + 3 ) | F12: =+F8+F10+F11 -> 2752.21 | G12: =+G8+G10+G11 -> 1035.41 | H12: =+F12+G12 -> 3787.62 | I12: =SUM(I11,I10,I8) -> 3592.1 | U12: 4. 제 조 원 가 | W12: =+W8+W10+W11 -> 0 | X12: =+X8+X10+X11 -> 0 | Y12: =+W12+X12 -> 0 | Z12: =SUM(Z8,Z10,Z11) -> 0
A13: 5. 재 료 관 리 비 | C13: ( 1 ) X | D13: 0.01 | F13: =ROUND(+F8*$D13,2) -> 16.09 | G13: =ROUND(+G8*$D13,2) -> 8.4 | H13: =+F13+G13 -> 24.49 | I13: =ROUND(I8*$D13,2) -> 24.49 | U13: 5. 재 료 관 리 비 | W13: =ROUND(+W8*$D13,2) -> 0 | X13: =ROUND(+X8*$D13,2) -> 0 | Y13: =+W13+X13 -> 0 | Z13: =ROUND(Z8*$D13,2) -> 0
A14: 6. 일 반 관 리 비 | C14: ( 2+3 ) X | D14: 0.1 | F14: =ROUND((F10+F11)*$D14,2) -> 114.28 | G14: =ROUND((G10+G11)*$D14,2) -> 19.55 | H14: =+F14+G14 -> 133.83 | I14: =ROUND((I10+I11)*$D14,2) -> 114.28 | U14: 6. 일 반 관 리 비 | W14: =ROUND((W10+W11)*$D14,2) -> 0 | X14: =ROUND((X10+X11)*$D14,2) -> 0 | Y14: =+W14+X14 -> 0 | Z14: =ROUND((Z10+Z11)*$D14,2) -> 0
A15: 7. 불 량 비 | C15: ( 4 ) X | D15: 0.01 | F15: =ROUND(F12*$D15,2) -> 27.52 | G15: =ROUND(G12*$D15,2) -> 10.35 | H15: =+F15+G15 -> 37.87 | I15: =ROUND(I12*$D15,2) -> 35.92 | U15: 7. 불 량 비 | W15: =ROUND(W12*$D15,2) -> 0 | X15: =ROUND(X12*$D15,2) -> 0 | Y15: =+W15+X15 -> 0 | Z15: =ROUND(Z12*$D15,2) -> 0
A16: 8. 이 윤 | C16: ( 2 +3+ 6 ) X | D16: 0.1 | F16: =ROUND(SUM(F10,F11,F14)*$D16,2) -> 125.7 | G16: =ROUND(SUM(G10,G11,G14)*$D16,2) -> 21.51 | H16: =+F16+G16 -> 147.21 | I16: =ROUND((I10+I11+I14)*$D16,2) -> 125.7 | U16: 8. 이 윤 | W16: =ROUND(SUM(W10,W11,W14)*$D16,2) -> 0 | X16: =ROUND(SUM(X10,X11,X14)*$D16,2) -> 0 | Y16: =+W16+X16 -> 0 | Z16: =ROUND((Z10+Z11+Z14)*$D16,2) -> 0
A17: 9. 포 장 비 | C17: 별도 | U17: 9. 포 장 비
A18: 10. 운 반 비 | C18: 별도 | U18: 10. 운 반 비
A19: 11. 구 매 원 가 | C19: 별도 | F19: =SUM(F12:F18) -> 3035.8 | G19: =SUM(G12:G18) -> 1095.22 | H19: =SUM(H12:H18) -> 4131.02 | I19: =SUM(I12:I18) -> 3892.49 | U19: 11. 구 매 원 가 | W19: =SUM(W12:W18) -> 0 | X19: =SUM(X12:X18) -> 0 | Y19: =SUM(Y12:Y18) -> 0 | Z19: =SUM(Z12:Z18) -> 0
A20: 12. 설 계 시 험 비 | F20: =ROUND(+F19*$D20,2) -> 0 | G20: =ROUND(+G19*$D20,2) -> 0 | H20: =G20+F20 -> 0 | I20: =H20+G20 -> 0 | U20: 12. 설 계 시 험 비 | W20: 0 | X20: 0 | Y20: 0 | Z20: 0
A21: 13. 관 리 비 | F21: =ROUND(F19*$D21,2) -> 0 | G21: =ROUND(G19*$D21,2) -> 0 | H21: =SUM(H12:H18)*$D21 -> 0 | I21: =SUM(I12:I18)*$D21 -> 0 | U21: 13. 관 리 비 | W21: 0 | X21: 0 | Y21: 0 | Z21: 0
A22: 14. 총 원 가 | F22: =SUM(F19:F21) -> 3035.8 | G22: =SUM(G19:G21) -> 1095.22 | H22: =SUM(H19:H21) -> 4131.02 | I22: =SUM(I19:I21) -> 3892.49 | U22: 14. 총 원 가 | W22: =SUM(W19:W21) -> 0 | X22: =SUM(X19:X21) -> 0 | Y22: =SUM(Y19:Y21) -> 0 | Z22: =SUM(Z19:Z21) -> 0
A23: 판 매 가 | U23: 판 매 가
A26: 1. 재료비 상세내역
A27: NO | B27: 품 번 | D27: 품 번 | F27: 품 명 | I27: 내외작 | J27: 규격 | T27: 내외작 | AA27: 차이 | AB27: 비 고
B28: (절압품) | D28: (원재료) | F28: (원재료 품명) | N28: 단위 | O28: 수량 | P28: 단가 | Q28: 재료비 | R28: SCRAP비 | S28: 합계 | U28: 단위 | V28: 수량 | W28: 단가 | X28: 재료비 | Y28: SCRAP비 | Z28: 합계
A29: =ROW(A29)-28 -> 1 | B29: 00370070-001 | D29: 210-8613 | F29: AESSXF 0.3 B/R | I29: 내작 | J29: WIRE | N29: MTR | O29: 0.4075 | P29: =VLOOKUP($D29,'[1]250113_자재단가조회'!$D$2:$M$517,10,0) -> 60.65 | Q29: =ROUND(O29*P29,2) -> 24.71 | S29: =Q29+R29 -> 24.71 | X29: =ROUND(V29*W29,2) -> 0 | Z29: =X29+Y29 -> 0 | AB29: 전선길이 220mm 증가
A30: =ROW(A30)-28 -> 2 | B30: 00370070-001 | D30: 251-3107 | F30: KH2000016-21 | I30: 내작 | J30: TERMINAL | N30: EA | O30: 1 | P30: =VLOOKUP($D30,'[1]250113_자재단가조회'!$D$2:$M$517,10,0) -> 8.5 | Q30: =ROUND(O30*P30,2) -> 8.5 | S30: =Q30+R30 -> 8.5
A31: =ROW(A31)-28 -> 3 | B31: 00370070-001 | D31: 251-2143 | F31: 731409-7 | I31: 내작 | J31: TERMINAL | N31: EA | O31: 1 | P31: =VLOOKUP($D31,'[1]250113_자재단가조회'!$D$2:$M$517,10,0) -> 8 | Q31: =ROUND(O31*P31,2) -> 8 | S31: =Q31+R31 -> 8
A32: =ROW(A32)-28 -> 4 | B32: 00370070-002 | D32: 210-8615 | F32: AESSXF 0.3 B/O | I32: 내작 | J32: WIRE | N32: MTR | O32: 0.4075 | P32: =VLOOKUP($D32,'[1]250113_자재단가조회'!$D$2:$M$517,10,0) -> 60.65 | Q32: =ROUND(O32*P32,2) -> 24.71 | S32: =Q32+R32 -> 24.71 | AB32: 전선길이 220mm 증가
A33: =ROW(A33)-28 -> 5 | B33: 00370070-002 | D33: 251-3107 | F33: KH2000016-21 | I33: 내작 | J33: TERMINAL | N33: EA | O33: 1 | P33: =VLOOKUP($D33,'[1]250113_자재단가조회'!$D$2:$M$517,10,0) -> 8.5 | Q33: =ROUND(O33*P33,2) -> 8.5 | S33: =Q33+R33 -> 8.5
A34: =ROW(A34)-28 -> 6 | B34: 00370070-002 | D34: 251-2143 | F34: 731409-7 | I34: 내작 | J34: TERMINAL | N34: EA | O34: 1 | P34: =VLOOKUP($D34,'[1]250113_자재단가조회'!$D$2:$M$517,10,0) -> 8 | Q34: =ROUND(O34*P34,2) -> 8 | S34: =Q34+R34 -> 8
A35: =ROW(A35)-28 -> 7 | B35: 00370070-003 | D35: 210-8614 | F35: AESSXF 0.3 B/Y | I35: 내작 | J35: WIRE | N35: MTR | O35: 0.4075 | P35: =VLOOKUP($D35,'[1]250113_자재단가조회'!$D$2:$M$517,10,0) -> 60.65 | Q35: =ROUND(O35*P35,2) -> 24.71 | S35: =Q35+R35 -> 24.71 | AB35: 전선길이 220mm 증가
A36: =ROW(A36)-28 -> 8 | B36: 00370070-003 | D36: 251-3107 | F36: KH2000016-21 | I36: 내작 | J36: TERMINAL | N36: EA | O36: 1 | P36: =VLOOKUP($D36,'[1]250113_자재단가조회'!$D$2:$M$517,10,0) -> 8.5 | Q36: =ROUND(O36*P36,2) -> 8.5 | S36: =Q36+R36 -> 8.5
A37: =ROW(A37)-28 -> 9 | B37: 00370070-003 | D37: 251-2143 | F37: 731409-7 | I37: 내작 | J37: TERMINAL | N37: EA | O37: 1 | P37: =VLOOKUP($D37,'[1]250113_자재단가조회'!$D$2:$M$517,10,0) -> 8 | Q37: =ROUND(O37*P37,2) -> 8 | S37: =Q37+R37 -> 8
A38: =ROW(A38)-28 -> 10 | B38: 00370070-004 | D38: 210-8621 | F38: AESSXF 0.3 B/G | I38: 내작 | J38: WIRE | N38: MTR | O38: 0.4075 | P38: =VLOOKUP($D38,'[1]250113_자재단가조회'!$D$2:$M$517,10,0) -> 60.65 | Q38: =ROUND(O38*P38,2) -> 24.71 | S38: =Q38+R38 -> 24.71 | AB38: 전선길이 220mm 증가
A39: =ROW(A39)-28 -> 11 | B39: 00370070-004 | D39: 251-3107 | F39: KH2000016-21 | I39: 내작 | J39: TERMINAL | N39: EA | O39: 1 | P39: =VLOOKUP($D39,'[1]250113_자재단가조회'!$D$2:$M$517,10,0) -> 8.5 | Q39: =ROUND(O39*P39,2) -> 8.5 | S39: =Q39+R39 -> 8.5
A40: =ROW(A40)-28 -> 12 | B40: 00370070-004 | D40: 251-2143 | F40: 731409-7 | I40: 내작 | J40: TERMINAL | N40: EA | O40: 1 | P40: =VLOOKUP($D40,'[1]250113_자재단가조회'!$D$2:$M$517,10,0) -> 8 | Q40: =ROUND(O40*P40,2) -> 8 | S40: =Q40+R40 -> 8
A41: =ROW(A41)-28 -> 13 | B41: 00370070-005 | D41: 210-8625 | F41: AESSXF 0.3 Gr/R | I41: 내작 | J41: WIRE | N41: MTR | O41: 0.4075 | P41: =VLOOKUP($D41,'[1]250113_자재단가조회'!$D$2:$M$517,10,0) -> 60.65 | Q41: =ROUND(O41*P41,2) -> 24.71 | S41: =Q41+R41 -> 24.71 | AB41: 전선길이 220mm 증가
A42: =ROW(A42)-28 -> 14 | B42: 00370070-005 | D42: 251-3107 | F42: KH2000016-21 | I42: 내작 | J42: TERMINAL | N42: EA | O42: 1 | P42: =VLOOKUP($D42,'[1]250113_자재단가조회'!$D$2:$M$517,10,0) -> 8.5 | Q42: =ROUND(O42*P42,2) -> 8.5 | S42: =Q42+R42 -> 8.5
A43: =ROW(A43)-28 -> 15 | B43: 00370070-005 | D43: 251-2143 | F43: 731409-7 | I43: 내작 | J43: TERMINAL | N43: EA | O43: 1 | P43: =VLOOKUP($D43,'[1]250113_자재단가조회'!$D$2:$M$517,10,0) -> 8 | Q43: =ROUND(O43*P43,2) -> 8 | S43: =Q43+R43 -> 8
A44: =ROW(A44)-28 -> 16 | B44: 00370070-006 | D44: 210-8601 | F44: AESSXF 0.3 B | I44: 내작 | J44: WIRE | N44: MTR | O44: 0.4075 | P44: =VLOOKUP($D44,'[1]250113_자재단가조회'!$D$2:$M$517,10,0) -> 60.65 | Q44: =ROUND(O44*P44,2) -> 24.71 | S44: =Q44+R44 -> 24.71 | AB44: 전선길이 220mm 증가
A45: =ROW(A45)-28 -> 17 | B45: 00370070-006 | D45: 251-3107 | F45: KH2000016-21 | I45: 내작 | J45: TERMINAL | N45: EA | O45: 1 | P45: =VLOOKUP($D45,'[1]250113_자재단가조회'!$D$2:$M$517,10,0) -> 8.5 | Q45: =ROUND(O45*P45,2) -> 8.5 | S45: =Q45+R45 -> 8.5
A46: =ROW(A46)-28 -> 18 | B46: 00370070-006 | D46: 251-2143 | F46: 731409-7 | I46: 내작 | J46: TERMINAL | N46: EA | O46: 1 | P46: =VLOOKUP($D46,'[1]250113_자재단가조회'!$D$2:$M$517,10,0) -> 8 | Q46: =ROUND(O46*P46,2) -> 8 | S46: =Q46+R46 -> 8
A47: =ROW(A47)-28 -> 19 | B47: 00370070-007 | D47: 210-8616 | F47: AESSXF 0.3 B/W | I47: 내작 | J47: WIRE | N47: MTR | O47: 0.4075 | P47: =VLOOKUP($D47,'[1]250113_자재단가조회'!$D$2:$M$517,10,0) -> 60.65 | Q47: =ROUND(O47*P47,2) -> 24.71 | S47: =Q47+R47 -> 24.71 | AB47: 전선길이 220mm 증가
A48: =ROW(A48)-28 -> 20 | B48: 00370070-007 | D48: 251-3107 | F48: KH2000016-21 | I48: 내작 | J48: TERMINAL | N48: EA | O48: 1 | P48: =VLOOKUP($D48,'[1]250113_자재단가조회'!$D$2:$M$517,10,0) -> 8.5 | Q48: =ROUND(O48*P48,2) -> 8.5 | S48: =Q48+R48 -> 8.5
A49: =ROW(A49)-28 -> 21 | B49: 00370070-007 | D49: 251-2143 | F49: 731409-7 | I49: 내작 | J49: TERMINAL | N49: EA | O49: 1 | P49: =VLOOKUP($D49,'[1]250113_자재단가조회'!$D$2:$M$517,10,0) -> 8 | Q49: =ROUND(O49*P49,2) -> 8 | S49: =Q49+R49 -> 8
A50: =ROW(A50)-28 -> 22 | B50: 00370070-008 | D50: 210-8601 | F50: AESSXF 0.3 B | I50: 내작 | J50: WIRE | N50: MTR | O50: 0.1765 | P50: =VLOOKUP($D50,'[1]250113_자재단가조회'!$D$2:$M$517,10,0) -> 60.65 | Q50: =ROUND(O50*P50,2) -> 10.7 | S50: =Q50+R50 -> 10.7 | AB50: 전선길이 55mm 증가
A51: =ROW(A51)-28 -> 23 | B51: 00370070-008 | D51: 251-3107 | F51: KH2000016-21 | I51: 내작 | J51: TERMINAL | N51: EA | O51: 1 | P51: =VLOOKUP($D51,'[1]250113_자재단가조회'!$D$2:$M$517,10,0) -> 8.5 | Q51: =ROUND(O51*P51,2) -> 8.5 | S51: =Q51+R51 -> 8.5
A52: =ROW(A52)-28 -> 24 | B52: 00370070-009 | D52: 210-8618 | F52: AESSXF 0.3 Gr/B | I52: 내작 | J52: WIRE | N52: MTR | O52: 0.4075 | P52: =VLOOKUP($D52,'[1]250113_자재단가조회'!$D$2:$M$517,10,0) -> 60.65 | Q52: =ROUND(O52*P52,2) -> 24.71 | S52: =Q52+R52 -> 24.71 | AB52: 전선길이 220mm 증가
A53: =ROW(A53)-28 -> 25 | B53: 00370070-009 | D53: 251-3107 | F53: KH2000016-21 | I53: 내작 | J53: TERMINAL | N53: EA | O53: 1 | P53: =VLOOKUP($D53,'[1]250113_자재단가조회'!$D$2:$M$517,10,0) -> 8.5 | Q53: =ROUND(O53*P53,2) -> 8.5 | S53: =Q53+R53 -> 8.5
A54: =ROW(A54)-28 -> 26 | B54: 00370070-009 | D54: 251-2143 | F54: 731409-7 | I54: 내작 | J54: TERMINAL | N54: EA | O54: 1 | P54: =VLOOKUP($D54,'[1]250113_자재단가조회'!$D$2:$M$517,10,0) -> 8 | Q54: =ROUND(O54*P54,2) -> 8 | S54: =Q54+R54 -> 8
A55: =ROW(A55)-28 -> 27 | B55: 00370070-010 | D55: 210-8617 | F55: AESSXF 0.3 B/L | I55: 내작 | J55: WIRE | N55: MTR | O55: 0.4075 | P55: =VLOOKUP($D55,'[1]250113_자재단가조회'!$D$2:$M$517,10,0) -> 60.65 | Q55: =ROUND(O55*P55,2) -> 24.71 | S55: =Q55+R55 -> 24.71 | AB55: 전선길이 220mm 증가
A56: =ROW(A56)-28 -> 28 | B56: 00370070-010 | D56: 251-3107 | F56: KH2000016-21 | I56: 내작 | J56: TERMINAL | N56: EA | O56: 1 | P56: =VLOOKUP($D56,'[1]250113_자재단가조회'!$D$2:$M$517,10,0) -> 8.5 | Q56: =ROUND(O56*P56,2) -> 8.5 | S56: =Q56+R56 -> 8.5
A57: =ROW(A57)-28 -> 29 | B57: 00370070-010 | D57: 251-2143 | F57: 731409-7 | I57: 내작 | J57: TERMINAL | N57: EA | O57: 1 | P57: =VLOOKUP($D57,'[1]250113_자재단가조회'!$D$2:$M$517,10,0) -> 8 | Q57: =ROUND(O57*P57,2) -> 8 | S57: =Q57+R57 -> 8
A58: =ROW(A58)-28 -> 30 | B58: 00370070-011 | D58: 210-8613 | F58: AESSXF 0.3 B/R | I58: 내작 | J58: WIRE | N58: MTR | O58: 0.5225 | P58: =VLOOKUP($D58,'[1]250113_자재단가조회'!$D$2:$M$517,10,0) -> 60.65 | Q58: =ROUND(O58*P58,2) -> 31.69 | S58: =Q58+R58 -> 31.69
A59: =ROW(A59)-28 -> 31 | B59: 00370070-011 | D59: 251-3107 | F59: KH2000016-21 | I59: 내작 | J59: TERMINAL | N59: EA | O59: 1 | P59: =VLOOKUP($D59,'[1]250113_자재단가조회'!$D$2:$M$517,10,0) -> 8.5 | Q59: =ROUND(O59*P59,2) -> 8.5 | S59: =Q59+R59 -> 8.5
A60: =ROW(A60)-28 -> 32 | B60: 00370070-011 | D60: 251-2143 | F60: 731409-7 | I60: 내작 | J60: TERMINAL | N60: EA | O60: 1 | P60: =VLOOKUP($D60,'[1]250113_자재단가조회'!$D$2:$M$517,10,0) -> 8 | Q60: =ROUND(O60*P60,2) -> 8 | S60: =Q60+R60 -> 8
A61: =ROW(A61)-28 -> 33 | B61: 00370070-012 | D61: 210-8615 | F61: AESSXF 0.3 B/O | I61: 내작 | J61: WIRE | N61: MTR | O61: 0.5225 | P61: =VLOOKUP($D61,'[1]250113_자재단가조회'!$D$2:$M$517,10,0) -> 60.65 | Q61: =ROUND(O61*P61,2) -> 31.69 | S61: =Q61+R61 -> 31.69
A62: =ROW(A62)-28 -> 34 | B62: 00370070-012 | D62: 251-3107 | F62: KH2000016-21 | I62: 내작 | J62: TERMINAL | N62: EA | O62: 1 | P62: =VLOOKUP($D62,'[1]250113_자재단가조회'!$D$2:$M$517,10,0) -> 8.5 | Q62: =ROUND(O62*P62,2) -> 8.5 | S62: =Q62+R62 -> 8.5
A63: =ROW(A63)-28 -> 35 | B63: 00370070-012 | D63: 251-2143 | F63: 731409-7 | I63: 내작 | J63: TERMINAL | N63: EA | O63: 1 | P63: =VLOOKUP($D63,'[1]250113_자재단가조회'!$D$2:$M$517,10,0) -> 8 | Q63: =ROUND(O63*P63,2) -> 8 | S63: =Q63+R63 -> 8
A64: =ROW(A64)-28 -> 36 | B64: 00370070-013 | D64: 210-8614 | F64: AESSXF 0.3 B/Y | I64: 내작 | J64: WIRE | N64: MTR | O64: 0.5225 | P64: =VLOOKUP($D64,'[1]250113_자재단가조회'!$D$2:$M$517,10,0) -> 60.65 | Q64: =ROUND(O64*P64,2) -> 31.69 | S64: =Q64+R64 -> 31.69
A65: =ROW(A65)-28 -> 37 | B65: 00370070-013 | D65: 251-3107 | F65: KH2000016-21 | I65: 내작 | J65: TERMINAL | N65: EA | O65: 1 | P65: =VLOOKUP($D65,'[1]250113_자재단가조회'!$D$2:$M$517,10,0) -> 8.5 | Q65: =ROUND(O65*P65,2) -> 8.5 | S65: =Q65+R65 -> 8.5
A66: =ROW(A66)-28 -> 38 | B66: 00370070-013 | D66: 251-2143 | F66: 731409-7 | I66: 내작 | J66: TERMINAL | N66: EA | O66: 1 | P66: =VLOOKUP($D66,'[1]250113_자재단가조회'!$D$2:$M$517,10,0) -> 8 | Q66: =ROUND(O66*P66,2) -> 8 | S66: =Q66+R66 -> 8
A67: =ROW(A67)-28 -> 39 | B67: 00370070-014 | D67: 210-8621 | F67: AESSXF 0.3 B/G | I67: 내작 | J67: WIRE | N67: MTR | O67: 0.5225 | P67: =VLOOKUP($D67,'[1]250113_자재단가조회'!$D$2:$M$517,10,0) -> 60.65 | Q67: =ROUND(O67*P67,2) -> 31.69 | S67: =Q67+R67 -> 31.69
... A78: =ROW(A78)-28 -> 50 | B78: 00370070-017 | D78: 251-2143 | F78: 731409-7 | I78: 내작 | J78: TERMINAL | N78: EA | O78: 1 | P78: =VLOOKUP($D78,'[1]250113_자재단가조회'!$D$2:$M$517,10,0) -> 8 | Q78: =ROUND(O78*P78,2) -> 8 | S78: =Q78+R78 -> 8
A79: =ROW(A79)-28 -> 51 | B79: 00370070-018 | D79: 210-8618 | F79: AESSXF 0.3 Gr/B | I79: 내작 | J79: WIRE | N79: MTR | O79: 0.3725 | P79: =VLOOKUP($D79,'[1]250113_자재단가조회'!$D$2:$M$517,10,0) -> 60.65 | Q79: =ROUND(O79*P79,2) -> 22.59 | S79: =Q79+R79 -> 22.59 | AB79: 전선길이 15mm 증가
A80: =ROW(A80)-28 -> 52 | B80: 00370070-018 | D80: 251-3101 | F80: KH1200030-21 | I80: 내작 | J80: TERMINAL | N80: EA | O80: 1 | P80: =VLOOKUP($D80,'[1]250113_자재단가조회'!$D$2:$M$517,10,0) -> 6.9 | Q80: =ROUND(O80*P80,2) -> 6.9 | S80: =Q80+R80 -> 6.9
A81: =ROW(A81)-28 -> 53 | B81: 00370070-018 | D81: 251-2143 | F81: 731409-7 | I81: 내작 | J81: TERMINAL | N81: EA | O81: 1 | P81: =VLOOKUP($D81,'[1]250113_자재단가조회'!$D$2:$M$517,10,0) -> 8 | Q81: =ROUND(O81*P81,2) -> 8 | S81: =Q81+R81 -> 8
A82: =ROW(A82)-28 -> 54 | B82: 00370070-019 | D82: 210-8623 | F82: AESSXF 0.3 Gr/Br | I82: 내작 | J82: WIRE | N82: MTR | O82: 0.3725 | P82: =VLOOKUP($D82,'[1]250113_자재단가조회'!$D$2:$M$517,10,0) -> 60.65 | Q82: =ROUND(O82*P82,2) -> 22.59 | S82: =Q82+R82 -> 22.59 | AB82: 전선길이 15mm 증가
A83: =ROW(A83)-28 -> 55 | B83: 00370070-019 | D83: 251-3101 | F83: KH1200030-21 | I83: 내작 | J83: TERMINAL | N83: EA | O83: 1 | P83: =VLOOKUP($D83,'[1]250113_자재단가조회'!$D$2:$M$517,10,0) -> 6.9 | Q83: =ROUND(O83*P83,2) -> 6.9 | S83: =Q83+R83 -> 6.9
A84: =ROW(A84)-28 -> 56 | B84: 00370070-019 | D84: 251-2143 | F84: 731409-7 | I84: 내작 | J84: TERMINAL | N84: EA | O84: 1 | P84: =VLOOKUP($D84,'[1]250113_자재단가조회'!$D$2:$M$517,10,0) -> 8 | Q84: =ROUND(O84*P84,2) -> 8 | S84: =Q84+R84 -> 8
A85: =ROW(A85)-28 -> 57 | B85: 00370070-020 | D85: 210-8622 | F85: AESSXF 0.3 B/P | I85: 내작 | J85: WIRE | N85: MTR | O85: 0.3725 | P85: =VLOOKUP($D85,'[1]250113_자재단가조회'!$D$2:$M$517,10,0) -> 60.65 | Q85: =ROUND(O85*P85,2) -> 22.59 | S85: =Q85+R85 -> 22.59 | AB85: 전선길이 15mm 증가
A86: =ROW(A86)-28 -> 58 | B86: 00370070-020 | D86: 251-3101 | F86: KH1200030-21 | I86: 내작 | J86: TERMINAL | N86: EA | O86: 1 | P86: =VLOOKUP($D86,'[1]250113_자재단가조회'!$D$2:$M$517,10,0) -> 6.9 | Q86: =ROUND(O86*P86,2) -> 6.9 | S86: =Q86+R86 -> 6.9
A87: =ROW(A87)-28 -> 59 | B87: 00370070-020 | D87: 251-2143 | F87: 731409-7 | I87: 내작 | J87: TERMINAL | N87: EA | O87: 1 | P87: =VLOOKUP($D87,'[1]250113_자재단가조회'!$D$2:$M$517,10,0) -> 8 | Q87: =ROUND(O87*P87,2) -> 8 | S87: =Q87+R87 -> 8
A88: =ROW(A88)-28 -> 60 | D88: 251-2286 | F88: 760320-1 | I88: 외작 | J88: TERMINAL | N88: EA | O88: 1 | P88: =VLOOKUP($D88,'[1]250113_자재단가조회'!$D$2:$M$517,10,0) -> 4.9 | Q88: =ROUND(O88*P88,2) -> 4.9 | S88: =Q88+R88 -> 4.9
A89: =ROW(A89)-28 -> 61 | D89: 256-3406 | F89: HEAT SHRINKAGE TUBE3 (B)(TBHS-03) | I89: 외작 | J89: HEAT SHRINK TUBE | N89: MTR | O89: 0.03 | P89: =VLOOKUP($D89,'[1]250113_자재단가조회'!$D$2:$M$517,10,0) -> 95 | Q89: =ROUND(O89*P89,2) -> 2.85 | S89: =Q89+R89 -> 2.85
A90: =ROW(A90)-28 -> 62 | D90: 250-8765 | F90: KH2100083-20 | I90: 외작 | J90: CONNECTOR | M90: 12P | N90: EA | O90: 1 | P90: =VLOOKUP($D90,'[1]250113_자재단가조회'!$D$2:$M$517,10,0) -> 81 | Q90: =ROUND(O90*P90,2) -> 81 | S90: =Q90+R90 -> 81
A91: =ROW(A91)-28 -> 63 | D91: 250-8756 | F91: KH2100087-20 | I91: 외작 | J91: BRACKET | N91: EA | O91: 1 | P91: =VLOOKUP($D91,'[1]250113_자재단가조회'!$D$2:$M$517,10,0) -> 217 | Q91: =ROUND(O91*P91,2) -> 217 | S91: =Q91+R91 -> 217
A92: =ROW(A92)-28 -> 64 | D92: 250-8744 | F92: KH2000022-20 | I92: 외작 | J92: CONNECTOR | M92: 10P | N92: EA | O92: 1 | P92: =VLOOKUP($D92,'[1]250113_자재단가조회'!$D$2:$M$517,10,0) -> 85 | Q92: =ROUND(O92*P92,2) -> 85 | S92: =Q92+R92 -> 85
A93: =ROW(A93)-28 -> 65 | D93: 250-8791 | F93: 657213-5 | I93: 외작 | J93: CONNECTOR | M93: 28P | N93: EA | O93: 1 | P93: =VLOOKUP($D93,'[1]250113_자재단가조회'!$D$2:$M$517,10,0) -> 100 | Q93: =ROUND(O93*P93,2) -> 100 | S93: =Q93+R93 -> 100
A94: =ROW(A94)-28 -> 66 | D94: 250-8610 | F94: KH1300013-20 | I94: 외작 | J94: CONNECTOR | M94: 3P | N94: EA | O94: 1 | P94: =VLOOKUP($D94,'[1]250113_자재단가조회'!$D$2:$M$517,10,0) -> 74 | Q94: =ROUND(O94*P94,2) -> 74 | S94: =Q94+R94 -> 74
A95: =ROW(A95)-28 -> 67 | D95: 250-8649 | F95: KH1800117-20 | I95: 외작 | J95: BAND CABLE | N95: EA | O95: 4 | P95: =VLOOKUP($D95,'[1]250113_자재단가조회'!$D$2:$M$517,10,0) -> 18 | Q95: =ROUND(O95*P95,2) -> 72 | S95: =Q95+R95 -> 72
A96: =ROW(A96)-28 -> 68 | D96: 255-5533 | F96: C/TIE 100MM (B)(111-01950) | I96: 외작 | J96: CABLE TIE | N96: EA | O96: 3 | P96: =VLOOKUP($D96,'[1]250113_자재단가조회'!$D$2:$M$517,10,0) -> 3 | Q96: =ROUND(O96*P96,2) -> 9 | S96: =Q96+R96 -> 9 | AB96: 케이블 타이 1P 증가
A97: =ROW(A97)-28 -> 69 | D97: 256-5619 | F97: HEAT TAPE (B)(E1920BK133) | I97: 외작 | J97: HEAT TAPE | N97: MTR | O97: 0.12 | P97: =VLOOKUP($D97,'[1]250113_자재단가조회'!$D$2:$M$517,10,0) -> 58 | Q97: =ROUND(O97*P97,2) -> 6.96 | S97: =Q97+R97 -> 6.96
A98: =ROW(A98)-28 -> 70 | D98: ST-2312-1111 | F98: LABEL-00370070 CE FL HL STD MAIN DOM/EC LD WIRE | I98: 외작 | J98: LABEL | N98: EA | O98: 1 | P98: 10 | Q98: =ROUND(O98*P98,2) -> 10 | S98: =Q98+R98 -> 10
A99: =ROW(A99)-28 -> 71 | D99: 256-5619 | F99: E1920BK133 | I99: 외작 | J99: HEAT TAPE | N99: MTR | O99: 0.12 | P99: =VLOOKUP($D99,'[1]250113_자재단가조회'!$D$2:$M$517,10,0) -> 58 | Q99: =ROUND(O99*P99,2) -> 6.96 | S99: =Q99+R99 -> 6.96 | AB99: 테이핑 40mm 추가- 페라이트 코어
A100: =ROW(A100)-28 -> 72 | D100: ME-0000-0149 | F100: CFNC30-13-34 | I100: 외작 | J100: FERRITE CORE | N100: EA | O100: 1 | P100: 889.38 | Q100: =ROUND(O100*P100,2) -> 889.38 | S100: =Q100+R100 -> 889.38 | AB100: 페라이트 코어 추가
A101: =ROW(A101)-28 -> 73 | D101: ME-0000-0152 | F101: 35X150X2.45T | I101: 외작 | J101: CS PAD | N101: EA | O101: 2 | P101: 25.2 | Q101: =ROUND(O101*P101,2) -> 50.4 | S101: =Q101+R101 -> 50.4 | AB101: C/S 패드 추가- 페라이트 코어
I102: 계 | Q102: =SUM(Q29:Q101) -> 2449.34 | S102: =SUM(S29:S101) -> 2449.34 | T102: 계 | X102: =SUM(X29:X101) -> 0 | Z102: =SUM(Z29:Z101) -> 0
D103: 재 료 비 합 계 | I103: 내작 | Q103: =SUMIF($I$29:$I$101,$I103,$Q$29:$Q$101) -> 839.89 | S103: =SUMIF($I$29:$I$101,$I103,$S$29:$S$101) -> 839.89 | T103: 내작 | X103: =SUMIF($T$29:$T$101,$T103,$X$29:$X$101) -> 0 | Z103: =SUMIF($T$29:$T$101,$T103,$Z$29:$Z$101) -> 0
I104: 외작 | Q104: =SUMIF($I$29:$I$101,$I104,$Q$29:$Q$101) -> 1609.45 | S104: =SUMIF($I$29:$I$101,$I104,$S$29:$S$101) -> 1609.45 | T104: 외작 | X104: =SUMIF($T$29:$T$101,$T104,$X$29:$X$101) -> 0 | Z104: =SUMIF($T$29:$T$101,$T104,$Z$29:$Z$101) -> 0
A106: 2. 가공비 상세내역
A107: NO | B107: 품 번 | D107: 공 정 명 | G107: 설 비 명 | I107: 내외작 | J107: 효율 | K107: 인원 | L107: 임 율 | M107: 기계경비 | T107: 내외작 | AA107: 차이 | AB107: 비 고
B108: (절압품) | N108: C/T | O108: 공정수 | P108: 생산량 | Q108: 노무비 | R108: 경비 | S108: 가공비 | U108: C/T | V108: 공정수 | W108: 생산량 | X108: 노무비 | Y108: 경비 | Z108: 가공비
A109: 1 | B109: 00370070-001 | D109: 절압착(양단) | G109: 자동절압착기 | I109: 내작 | J109: 0.91 | K109: 1 | L109: 10030 | M109: 1920 | N109: 2.5 | O109: 1 | P109: =IFERROR(3600/(O109*N109)*$J109,0) -> 1310.4 | Q109: =IFERROR(ROUND(+$L109/P109*$K109,2),0) -> 7.65 | R109: =IFERROR(ROUND(($M109/P109),2),0) -> 1.47 | S109: =IFERROR(ROUND(Q109+R109,2),0) -> 9.12 | W109: =IFERROR(3600/(V109*U109)*$J109,0) -> 0 | X109: =IFERROR(ROUND(+$L109/W109*$K109,2),0) -> 0 | Y109: =IFERROR(ROUND(($M109/W109),2),0) -> 0 | Z109: =IFERROR(ROUND(X109+Y109,2),0) -> 0
A110: 2 | B110: 00370070-002 | D110: 절압착(양단) | G110: 자동절압착기 | I110: 내작 | J110: =J109 -> 0.91 | K110: 1 | L110: 10030 | M110: 1920 | N110: 2.5 | O110: 1 | P110: =IFERROR(3600/(O110*N110)*$J110,0) -> 1310.4 | Q110: =IFERROR(ROUND(+$L110/P110*$K110,2),0) -> 7.65 | R110: =IFERROR(ROUND(($M110/P110),2),0) -> 1.47 | S110: =IFERROR(ROUND(Q110+R110,2),0) -> 9.12
A111: 3 | B111: 00370070-003 | D111: 절압착(양단) | G111: 자동절압착기 | I111: 내작 | J111: =J110 -> 0.91 | K111: 1 | L111: 10030 | M111: 1920 | N111: 2.5 | O111: 1 | P111: =IFERROR(3600/(O111*N111)*$J111,0) -> 1310.4 | Q111: =IFERROR(ROUND(+$L111/P111*$K111,2),0) -> 7.65 | R111: =IFERROR(ROUND(($M111/P111),2),0) -> 1.47 | S111: =IFERROR(ROUND(Q111+R111,2),0) -> 9.12
A112: 4 | B112: 00370070-004 | D112: 절압착(양단) | G112: 자동절압착기 | I112: 내작 | J112: =J111 -> 0.91 | K112: 1 | L112: 10030 | M112: 1920 | N112: 2.5 | O112: 1 | P112: =IFERROR(3600/(O112*N112)*$J112,0) -> 1310.4 | Q112: =IFERROR(ROUND(+$L112/P112*$K112,2),0) -> 7.65 | R112: =IFERROR(ROUND(($M112/P112),2),0) -> 1.47 | S112: =IFERROR(ROUND(Q112+R112,2),0) -> 9.12
A113: 5 | B113: 00370070-005 | D113: 절압착(양단) | G113: 자동절압착기 | I113: 내작 | J113: =J112 -> 0.91 | K113: 1 | L113: 10030 | M113: 1920 | N113: 2.5 | O113: 1 | P113: =IFERROR(3600/(O113*N113)*$J113,0) -> 1310.4 | Q113: =IFERROR(ROUND(+$L113/P113*$K113,2),0) -> 7.65 | R113: =IFERROR(ROUND(($M113/P113),2),0) -> 1.47 | S113: =IFERROR(ROUND(Q113+R113,2),0) -> 9.12
A114: 6 | B114: 00370070-006 | D114: 절압착(양단) | G114: 자동절압착기 | I114: 내작 | J114: =J113 -> 0.91 | K114: 1 | L114: 10030 | M114: 1920 | N114: 2.5 | O114: 1 | P114: =IFERROR(3600/(O114*N114)*$J114,0) -> 1310.4 | Q114: =IFERROR(ROUND(+$L114/P114*$K114,2),0) -> 7.65 | R114: =IFERROR(ROUND(($M114/P114),2),0) -> 1.47 | S114: =IFERROR(ROUND(Q114+R114,2),0) -> 9.12
...

Sheet 2
A1: 원가계산서
A2: 작성일자 : 25.01.14 | C2: 작성자 : 최유정
A3: 차종 | B3: CE FL | D3: 고 객 품 번 | F3: 00370071 | H3: 경 림 품 번 | I3: WA-2312-1211 | K3: 품 명 | L3: CE FL HL STD MAIN DOM/EC NON LD WIRE
A4: SOP | B4: 2025.05.15 | D4: 연 생 산 수 량 | H4: 고 객 사 | I4: SL 천안공장 | K4: EO NO | L4: DS-24163 | N4: ECO 일자 | O4: 24.12.04
A6: 3. 원가 계산 정보
A7: 원 가 요 소 | C7: 계 산 수 식 | F7: 외작 | G7: 내작 | H7: 계 | I7: 협력사 구매가 | K7: 비고 | U7: 원 가 요 소 | W7: 외작 | X7: 내작 | Y7: 계 | Z7: 협력사 구매가
A8: 1. 재 료 비 | C8: 재료비 합계(내/외작) | F8: =SUMIF($I$29:$I$91,F$7,$S$29:$S$91) -> 1531.97 | G8: =SUMIF($I$29:$I$91,G$7,$S$29:$S$91) -> 727.42 | H8: =+F8+G8 -> 2259.39 | I8: =SUM($S$29:$S$91) -> 2259.39 | U8: 1. 재 료 비 | W8: =SUMIF($T$29:$T$91,W$7,$Z$29:$Z$91) -> 0 | X8: =SUMIF($T$29:$T$91,X$7,$Z$29:$Z$91) -> 0 | Y8: =+W8+X8 -> 0 | Z8: =SUM($Z$29:$Z$91) -> 0
A9: 2. 가공비 | F9: =+F10+F11 -> 999.8 | G9: =+G10+G11 -> 168.16 | H9: =+F9+G9 -> 1167.96 | I9: =SUM(I10:I11) -> 999.8 | U9: 2. 가공비 | W9: =+W10+W11 -> 0 | X9: =+X10+X11 -> 0 | Y9: =+W9+X9 -> 0 | Z9: =SUM(Z10:Z11) -> 0
A10: 2. 노 무 비 | C10: 노무비 합계(내/외작) | F10: =SUMIF($I$99:$I$139,F$7,$Q$99:$Q$139) -> 996.54 | G10: =SUMIF($I$99:$I$139,G$7,$Q$99:$Q$139) -> 142.92 | H10: =+F10+G10 -> 1139.46 | I10: =SUMIF($I$99:$I$139,$F$7,$Q$99:$Q$139) -> 996.54 | U10: 2. 노 무 비 | W10: =SUMIF($T$99:$T$139,W$7,$X$99:$X$139) -> 0 | X10: =SUMIF($T$99:$T$139,X$7,$X$99:$X$139) -> 0 | Y10: =+W10+X10 -> 0 | Z10: =SUMIF($T$99:$T$139,$W$7,$X$99:$X$139) -> 0
A11: 3. 경 비 | C11: 경비 합계(내/외작) | F11: =SUMIF($I$99:$I$139,F$7,$R$99:$R$139) -> 3.26 | G11: =SUMIF($I$99:$I$139,G$7,$R$99:$R$139) -> 25.24 | H11: =+F11+G11 -> 28.5 | I11: =SUMIF($I$99:$I$139,$F$7,$R$99:$R$139) -> 3.26 | U11: 3. 경 비 | W11: =SUMIF($T$99:$T$139,W$7,$Y$99:$Y$139) -> 0 | X11: =SUMIF($T$99:$T$139,X$7,$Y$99:$Y$139) -> 0 | Y11: =+W11+X11 -> 0 | Z11: =SUMIF($T$99:$T$139,$W$7,$Y$99:$Y$139) -> 0
A12: 4. 제 조 원 가 | C12: ( 1 + 2 + 3 ) | F12: =+F8+F10+F11 -> 2531.77 | G12: =+G8+G10+G11 -> 895.58 | H12: =+F12+G12 -> 3427.35 | I12: =SUM(I11,I10,I8) -> 3259.19 | U12: 4. 제 조 원 가 | W12: =+W8+W10+W11 -> 0 | X12: =+X8+X10+X11 -> 0 | Y12: =+W12+X12 -> 0 | Z12: =SUM(Z8,Z10,Z11) -> 0
A13: 5. 재 료 관 리 비 | C13: ( 1 ) X | D13: 0.01 | F13: =ROUND(+F8*$D13,2) -> 15.32 | G13: =ROUND(+G8*$D13,2) -> 7.27 | H13: =+F13+G13 -> 22.59 | I13: =ROUND(I8*$D13,2) -> 22.59 | U13: 5. 재 료 관 리 비 | W13: =ROUND(+W8*$D13,2) -> 0 | X13: =ROUND(+X8*$D13,2) -> 0 | Y13: =+W13+X13 -> 0 | Z13: =ROUND(Z8*$D13,2) -> 0
A14: 6. 일 반 관 리 비 | C14: ( 2+3 ) X | D14: 0.1 | F14: =ROUND((F10+F11)*$D14,2) -> 99.98 | G14: =ROUND((G10+G11)*$D14,2) -> 16.82 | H14: =+F14+G14 -> 116.8 | I14: =ROUND((I10+I11)*$D14,2) -> 99.98 | U14: 6. 일 반 관 리 비 | W14: =ROUND((W10+W11)*$D14,2) -> 0 | X14: =ROUND((X10+X11)*$D14,2) -> 0 | Y14: =+W14+X14 -> 0 | Z14: =ROUND((Z10+Z11)*$D14,2) -> 0
A15: 7. 불 량 비 | C15: ( 4 ) X | D15: 0.01 | F15: =ROUND(F12*$D15,2) -> 25.32 | G15: =ROUND(G12*$D15,2) -> 8.96 | H15: =+F15+G15 -> 34.28 | I15: =ROUND(I12*$D15,2) -> 32.59 | U15: 7. 불 량 비 | W15: =ROUND(W12*$D15,2) -> 0 | X15: =ROUND(X12*$D15,2) -> 0 | Y15: =+W15+X15 -> 0 | Z15: =ROUND(Z12*$D15,2) -> 0
A16: 8. 이 윤 | C16: ( 2 +3+ 6 ) X | D16: 0.1 | F16: =ROUND(SUM(F10,F11,F14)*$D16,2) -> 109.98 | G16: =ROUND(SUM(G10,G11,G14)*$D16,2) -> 18.5 | H16: =+F16+G16 -> 128.48 | I16: =ROUND((I10+I11+I14)*$D16,2) -> 109.98 | U16: 8. 이 윤 | W16: =ROUND(SUM(W10,W11,W14)*$D16,2) -> 0 | X16: =ROUND(SUM(X10,X11,X14)*$D16,2) -> 0 | Y16: =+W16+X16 -> 0 | Z16: =ROUND((Z10+Z11+Z14)*$D16,2) -> 0
A17: 9. 포 장 비 | C17: 별도 | U17: 9. 포 장 비
A18: 10. 운 반 비 | C18: 별도 | U18: 10. 운 반 비
A19: 11. 구 매 원 가 | C19: 별도 | F19: =SUM(F12:F18) -> 2782.37 | G19: =SUM(G12:G18) -> 947.13 | H19: =SUM(H12:H18) -> 3729.5 | I19: =SUM(I12:I18) -> 3524.33 | U19: 11. 구 매 원 가 | W19: =SUM(W12:W18) -> 0 | X19: =SUM(X12:X18) -> 0 | Y19: =SUM(Y12:Y18) -> 0 | Z19: =SUM(Z12:Z18) -> 0
A20: 12. 설 계 시 험 비 | F20: =ROUND(+F19*$D20,2) -> 0 | G20: =ROUND(+G19*$D20,2) -> 0 | H20: =G20+F20 -> 0 | I20: =H20+G20 -> 0 | U20: 12. 설 계 시 험 비 | W20: 0 | X20: 0 | Y20: 0 | Z20: 0
A21: 13. 관 리 비 | F21: =ROUND(F19*$D21,2) -> 0 | G21: =ROUND(G19*$D21,2) -> 0 | H21: =SUM(H12:H18)*$D21 -> 0 | I21: =SUM(I12:I18)*$D21 -> 0 | U21: 13. 관 리 비 | W21: 0 | X21: 0 | Y21: 0 | Z21: 0
A22: 14. 총 원 가 | F22: =SUM(F19:F21) -> 2782.37 | G22: =SUM(G19:G21) -> 947.13 | H22: =SUM(H19:H21) -> 3729.5 | I22: =SUM(I19:I21) -> 3524.33 | U22: 14. 총 원 가 | W22: =SUM(W19:W21) -> 0 | X22: =SUM(X19:X21) -> 0 | Y22: =SUM(Y19:Y21) -> 0 | Z22: =SUM(Z19:Z21) -> 0
A23: 판 매 가 | U23: 판 매 가
A26: 1. 재료비 상세내역
A27: NO | B27: 품 번 | D27: 품 번 | F27: 품 명 | I27: 내외작 | J27: 규격 | T27: 내외작 | AA27: 차이
B28: (절압품) | D28: (원재료) | F28: (원재료 품명) | N28: 단위 | O28: 수량 | P28: 단가 | Q28: 재료비 | R28: SCRAP비 | S28: 합계 | U28: 단위 | V28: 수량 | W28: 단가 | X28: 재료비 | Y28: SCRAP비 | Z28: 합계
A29: =ROW(A29)-28 -> 1 | B29: 00370071-001 | D29: 210-8613 | F29: AESSXF 0.3 B/R | I29: 내작 | J29: WIRE | N29: MTR | O29: 0.4075 | P29: =VLOOKUP($D29,'[1]250113_자재단가조회'!$D$2:$M$517,10,0) -> 60.65 | Q29: =ROUND(O29*P29,2) -> 24.71 | S29: =Q29+R29 -> 24.71 | X29: =ROUND(V29*W29,2) -> 0 | Z29: =X29+Y29 -> 0 | AB29: 전선길이 220mm 증가
A30: =ROW(A30)-28 -> 2 | B30: 00370071-001 | D30: 251-3107 | F30: KH2000016-21 | I30: 내작 | J30: TERMINAL | N30: EA | O30: 1 | P30: =VLOOKUP($D30,'[1]250113_자재단가조회'!$D$2:$M$517,10,0) -> 8.5 | Q30: =ROUND(O30*P30,2) -> 8.5 | S30: =Q30+R30 -> 8.5
A31: =ROW(A31)-28 -> 3 | B31: 00370071-001 | D31: 251-2143 | F31: 731409-7 | I31: 내작 | J31: TERMINAL | N31: EA | O31: 1 | P31: =VLOOKUP($D31,'[1]250113_자재단가조회'!$D$2:$M$517,10,0) -> 8 | Q31: =ROUND(O31*P31,2) -> 8 | S31: =Q31+R31 -> 8
A32: =ROW(A32)-28 -> 4 | B32: 00370071-002 | D32: 210-8615 | F32: AESSXF 0.3 B/O | I32: 내작 | J32: WIRE | N32: MTR | O32: 0.4075 | P32: =VLOOKUP($D32,'[1]250113_자재단가조회'!$D$2:$M$517,10,0) -> 60.65 | Q32: =ROUND(O32*P32,2) -> 24.71 | S32: =Q32+R32 -> 24.71 | AB32: 전선길이 220mm 증가
A33: =ROW(A33)-28 -> 5 | B33: 00370071-002 | D33: 251-3107 | F33: KH2000016-21 | I33: 내작 | J33: TERMINAL | N33: EA | O33: 1 | P33: =VLOOKUP($D33,'[1]250113_자재단가조회'!$D$2:$M$517,10,0) -> 8.5 | Q33: =ROUND(O33*P33,2) -> 8.5 | S33: =Q33+R33 -> 8.5
A34: =ROW(A34)-28 -> 6 | B34: 00370071-002 | D34: 251-2143 | F34: 731409-7 | I34: 내작 | J34: TERMINAL | N34: EA | O34: 1 | P34: =VLOOKUP($D34,'[1]250113_자재단가조회'!$D$2:$M$517,10,0) -> 8 | Q34: =ROUND(O34*P34,2) -> 8 | S34: =Q34+R34 -> 8
A35: =ROW(A35)-28 -> 7 | B35: 00370071-003 | D35: 210-8614 | F35: AESSXF 0.3 B/Y | I35: 내작 | J35: WIRE | N35: MTR | O35: 0.4075 | P35: =VLOOKUP($D35,'[1]250113_자재단가조회'!$D$2:$M$517,10,0) -> 60.65 | Q35: =ROUND(O35*P35,2) -> 24.71 | S35: =Q35+R35 -> 24.71 | AB35: 전선길이 220mm 증가
A36: =ROW(A36)-28 -> 8 | B36: 00370071-003 | D36: 251-3107 | F36: KH2000016-21 | I36: 내작 | J36: TERMINAL | N36: EA | O36: 1 | P36: =VLOOKUP($D36,'[1]250113_자재단가조회'!$D$2:$M$517,10,0) -> 8.5 | Q36: =ROUND(O36*P36,2) -> 8.5 | S36: =Q36+R36 -> 8.5
A37: =ROW(A37)-28 -> 9 | B37: 00370071-003 | D37: 251-2143 | F37: 731409-7 | I37: 내작 | J37: TERMINAL | N37: EA | O37: 1 | P37: =VLOOKUP($D37,'[1]250113_자재단가조회'!$D$2:$M$517,10,0) -> 8 | Q37: =ROUND(O37*P37,2) -> 8 | S37: =Q37+R37 -> 8
A38: =ROW(A38)-28 -> 10 | B38: 00370071-004 | D38: 210-8621 | F38: AESSXF 0.3 B/G | I38: 내작 | J38: WIRE | N38: MTR | O38: 0.4075 | P38: =VLOOKUP($D38,'[1]250113_자재단가조회'!$D$2:$M$517,10,0) -> 60.65 | Q38: =ROUND(O38*P38,2) -> 24.71 | S38: =Q38+R38 -> 24.71 | AB38: 전선길이 220mm 증가
A39: =ROW(A39)-28 -> 11 | B39: 00370071-004 | D39: 251-3107 | F39: KH2000016-21 | I39: 내작 | J39: TERMINAL | N39: EA | O39: 1 | P39: =VLOOKUP($D39,'[1]250113_자재단가조회'!$D$2:$M$517,10,0) -> 8.5 | Q39: =ROUND(O39*P39,2) -> 8.5 | S39: =Q39+R39 -> 8.5
A40: =ROW(A40)-28 -> 12 | B40: 00370071-004 | D40: 251-2143 | F40: 731409-7 | I40: 내작 | J40: TERMINAL | N40: EA | O40: 1 | P40: =VLOOKUP($D40,'[1]250113_자재단가조회'!$D$2:$M$517,10,0) -> 8 | Q40: =ROUND(O40*P40,2) -> 8 | S40: =Q40+R40 -> 8
A41: =ROW(A41)-28 -> 13 | B41: 00370071-005 | D41: 210-8625 | F41: AESSXF 0.3 Gr/R | I41: 내작 | J41: WIRE | N41: MTR | O41: 0.4075 | P41: =VLOOKUP($D41,'[1]250113_자재단가조회'!$D$2:$M$517,10,0) -> 60.65 | Q41: =ROUND(O41*P41,2) -> 24.71 | S41: =Q41+R41 -> 24.71 | AB41: 전선길이 220mm 증가
A42: =ROW(A42)-28 -> 14 | B42: 00370071-005 | D42: 251-3107 | F42: KH2000016-21 | I42: 내작 | J42: TERMINAL | N42: EA | O42: 1 | P42: =VLOOKUP($D42,'[1]250113_자재단가조회'!$D$2:$M$517,10,0) -> 8.5 | Q42: =ROUND(O42*P42,2) -> 8.5 | S42: =Q42+R42 -> 8.5
A43: =ROW(A43)-28 -> 15 | B43: 00370071-005 | D43: 251-2143 | F43: 731409-7 | I43: 내작 | J43: TERMINAL | N43: EA | O43: 1 | P43: =VLOOKUP($D43,'[1]250113_자재단가조회'!$D$2:$M$517,10,0) -> 8 | Q43: =ROUND(O43*P43,2) -> 8 | S43: =Q43+R43 -> 8
A44: =ROW(A44)-28 -> 16 | B44: 00370071-006 | D44: 210-8601 | F44: AESSXF 0.3 B | I44: 내작 | J44: WIRE | N44: MTR | O44: 0.4075 | P44: =VLOOKUP($D44,'[1]250113_자재단가조회'!$D$2:$M$517,10,0) -> 60.65 | Q44: =ROUND(O44*P44,2) -> 24.71 | S44: =Q44+R44 -> 24.71 | AB44: 전선길이 220mm 증가
B45: 00370071-006 | D45: 251-3107 | F45: KH2000016-21 | I45: 내작 | J45: TERMINAL | N45: EA | O45: 1 | P45: =VLOOKUP($D45,'[1]250113_자재단가조회'!$D$2:$M$517,10,0) -> 8.5 | Q45: =ROUND(O45*P45,2) -> 8.5 | S45: =Q45+R45 -> 8.5
B46: 00370071-006 | D46: 251-2143 | F46: 731409-7 | I46: 내작 | J46: TERMINAL | N46: EA | O46: 1 | P46: =VLOOKUP($D46,'[1]250113_자재단가조회'!$D$2:$M$517,10,0) -> 8 | Q46: =ROUND(O46*P46,2) -> 8 | S46: =Q46+R46 -> 8
B47: 00370071-007 | D47: 210-8616 | F47: AESSXF 0.3 B/W | I47: 내작 | J47: WIRE | N47: MTR | O47: 0.4075 | P47: =VLOOKUP($D47,'[1]250113_자재단가조회'!$D$2:$M$517,10,0) -> 60.65 | Q47: =ROUND(O47*P47,2) -> 24.71 | S47: =Q47+R47 -> 24.71 | AB47: 전선길이 220mm 증가
B48: 00370071-007 | D48: 251-3107 | F48: KH2000016-21 | I48: 내작 | J48: TERMINAL | N48: EA | O48: 1 | P48: =VLOOKUP($D48,'[1]250113_자재단가조회'!$D$2:$M$517,10,0) -> 8.5 | Q48: =ROUND(O48*P48,2) -> 8.5 | S48: =Q48+R48 -> 8.5
B49: 00370071-007 | D49: 251-2143 | F49: 731409-7 | I49: 내작 | J49: TERMINAL | N49: EA | O49: 1 | P49: =VLOOKUP($D49,'[1]250113_자재단가조회'!$D$2:$M$517,10,0) -> 8 | Q49: =ROUND(O49*P49,2) -> 8 | S49: =Q49+R49 -> 8
B50: 00370071-008 | D50: 210-8601 | F50: AESSXF 0.3 B | I50: 내작 | J50: WIRE | N50: MTR | O50: 0.1765 | P50: =VLOOKUP($D50,'[1]250113_자재단가조회'!$D$2:$M$517,10,0) -> 60.65 | Q50: =ROUND(O50*P50,2) -> 10.7 | S50: =Q50+R50 -> 10.7 | AB50: 전선길이 55mm 증가
B51: 00370071-008 | D51: 251-3107 | F51: KH2000016-21 | I51: 내작 | J51: TERMINAL | N51: EA | O51: 1 | P51: =VLOOKUP($D51,'[1]250113_자재단가조회'!$D$2:$M$517,10,0) -> 8.5 | Q51: =ROUND(O51*P51,2) -> 8.5 | S51: =Q51+R51 -> 8.5
B52: 00370071-009 | D52: 210-8618 | F52: AESSXF 0.3 Gr/B | I52: 내작 | J52: WIRE | N52: MTR | O52: 0.4075 | P52: =VLOOKUP($D52,'[1]250113_자재단가조회'!$D$2:$M$517,10,0) -> 60.65 | Q52: =ROUND(O52*P52,2) -> 24.71 | S52: =Q52+R52 -> 24.71 | AB52: 전선길이 220mm 증가
B53: 00370071-009 | D53: 251-3107 | F53: KH2000016-21 | I53: 내작 | J53: TERMINAL | N53: EA | O53: 1 | P53: =VLOOKUP($D53,'[1]250113_자재단가조회'!$D$2:$M$517,10,0) -> 8.5 | Q53: =ROUND(O53*P53,2) -> 8.5 | S53: =Q53+R53 -> 8.5
B54: 00370071-009 | D54: 251-2143 | F54: 731409-7 | I54: 내작 | J54: TERMINAL | N54: EA | O54: 1 | P54: =VLOOKUP($D54,'[1]250113_자재단가조회'!$D$2:$M$517,10,0) -> 8 | Q54: =ROUND(O54*P54,2) -> 8 | S54: =Q54+R54 -> 8
B55: 00370071-010 | D55: 210-8617 | F55: AESSXF 0.3 B/L | I55: 내작 | J55: WIRE | N55: MTR | O55: 0.4075 | P55: =VLOOKUP($D55,'[1]250113_자재단가조회'!$D$2:$M$517,10,0) -> 60.65 | Q55: =ROUND(O55*P55,2) -> 24.71 | S55: =Q55+R55 -> 24.71 | AB55: 전선길이 220mm 증가
B56: 00370071-010 | D56: 251-3107 | F56: KH2000016-21 | I56: 내작 | J56: TERMINAL | N56: EA | O56: 1 | P56: =VLOOKUP($D56,'[1]250113_자재단가조회'!$D$2:$M$517,10,0) -> 8.5 | Q56: =ROUND(O56*P56,2) -> 8.5 | S56: =Q56+R56 -> 8.5
B57: 00370071-010 | D57: 251-2143 | F57: 731409-7 | I57: 내작 | J57: TERMINAL | N57: EA | O57: 1 | P57: =VLOOKUP($D57,'[1]250113_자재단가조회'!$D$2:$M$517,10,0) -> 8 | Q57: =ROUND(O57*P57,2) -> 8 | S57: =Q57+R57 -> 8
B58: 00370071-011 | D58: 210-8613 | F58: AESSXF 0.3 B/R | I58: 내작 | J58: WIRE | N58: MTR | O58: 0.5225 | P58: =VLOOKUP($D58,'[1]250113_자재단가조회'!$D$2:$M$517,10,0) -> 60.65 | Q58: =ROUND(O58*P58,2) -> 31.69 | S58: =Q58+R58 -> 31.69
B59: 00370071-011 | D59: 251-3107 | F59: KH2000016-21 | I59: 내작 | J59: TERMINAL | N59: EA | O59: 1 | P59: =VLOOKUP($D59,'[1]250113_자재단가조회'!$D$2:$M$517,10,0) -> 8.5 | Q59: =ROUND(O59*P59,2) -> 8.5 | S59: =Q59+R59 -> 8.5
B60: 00370071-011 | D60: 251-2143 | F60: 731409-7 | I60: 내작 | J60: TERMINAL | N60: EA | O60: 1 | P60: =VLOOKUP($D60,'[1]250113_자재단가조회'!$D$2:$M$517,10,0) -> 8 | Q60: =ROUND(O60*P60,2) -> 8 | S60: =Q60+R60 -> 8
B61: 00370071-012 | D61: 210-8615 | F61: AESSXF 0.3 B/O | I61: 내작 | J61: WIRE | N61: MTR | O61: 0.5225 | P61: =VLOOKUP($D61,'[1]250113_자재단가조회'!$D$2:$M$517,10,0) -> 60.65 | Q61: =ROUND(O61*P61,2) -> 31.69 | S61: =Q61+R61 -> 31.69
B62: 00370071-012 | D62: 251-3107 | F62: KH2000016-21 | I62: 내작 | J62: TERMINAL | N62: EA | O62: 1 | P62: =VLOOKUP($D62,'[1]250113_자재단가조회'!$D$2:$M$517,10,0) -> 8.5 | Q62: =ROUND(O62*P62,2) -> 8.5 | S62: =Q62+R62 -> 8.5
B63: 00370071-012 | D63: 251-2143 | F63: 731409-7 | I63: 내작 | J63: TERMINAL | N63: EA | O63: 1 | P63: =VLOOKUP($D63,'[1]250113_자재단가조회'!$D$2:$M$517,10,0) -> 8 | Q63: =ROUND(O63*P63,2) -> 8 | S63: =Q63+R63 -> 8
B64: 00370071-013 | D64: 210-8614 | F64: AESSXF 0.3 B/Y | I64: 내작 | J64: WIRE | N64: MTR | O64: 0.5225 | P64: =VLOOKUP($D64,'[1]250113_자재단가조회'!$D$2:$M$517,10,0) -> 60.65 | Q64: =ROUND(O64*P64,2) -> 31.69 | S64: =Q64+R64 -> 31.69
B65: 00370071-013 | D65: 251-3107 | F65: KH2000016-21 | I65: 내작 | J65: TERMINAL | N65: EA | O65: 1 | P65: =VLOOKUP($D65,'[1]250113_자재단가조회'!$D$2:$M$517,10,0) -> 8.5 | Q65: =ROUND(O65*P65,2) -> 8.5 | S65: =Q65+R65 -> 8.5
B66: 00370071-013 | D66: 251-2143 | F66: 731409-7 | I66: 내작 | J66: TERMINAL | N66: EA | O66: 1 | P66: =VLOOKUP($D66,'[1]250113_자재단가조회'!$D$2:$M$517,10,0) -> 8 | Q66: =ROUND(O66*P66,2) -> 8 | S66: =Q66+R66 -> 8
B67: 00370071-014 | D67: 210-8621 | F67: AESSXF 0.3 B/G | I67: 내작 | J67: WIRE | N67: MTR | O67: 0.5225 | P67: =VLOOKUP($D67,'[1]250113_자재단가조회'!$D$2:$M$517,10,0) -> 60.65 | Q67: =ROUND(O67*P67,2) -> 31.69 | S67: =Q67+R67 -> 31.69
... B78: 00370071-017 | D78: 251-2143 | F78: 731409-7 | I78: 내작 | J78: TERMINAL | N78: EA | O78: 1 | P78: =VLOOKUP($D78,'[1]250113_자재단가조회'!$D$2:$M$517,10,0) -> 8 | Q78: =ROUND(O78*P78,2) -> 8 | S78: =Q78+R78 -> 8
D79: 251-2286 | F79: 760320-1 | I79: 외작 | J79: TERMINAL | N79: EA | O79: 1 | P79: =VLOOKUP($D79,'[1]250113_자재단가조회'!$D$2:$M$517,10,0) -> 4.9 | Q79: =ROUND(O79*P79,2) -> 4.9 | S79: =Q79+R79 -> 4.9
A80: =ROW(A80)-28 -> 52 | D80: 256-3406 | F80: HEAT SHRINKAGE TUBE3 (B)(TBHS-03) | I80: 외작 | J80: HEAT SHRINK TUBE | N80: MTR | O80: 0.03 | P80: =VLOOKUP($D80,'[1]250113_자재단가조회'!$D$2:$M$517,10,0) -> 95 | Q80: =ROUND(O80*P80,2) -> 2.85 | S80: =Q80+R80 -> 2.85
A81: =ROW(A81)-28 -> 53 | D81: 250-8765 | F81: KH2100083-20 | I81: 외작 | J81: CONNECTOR | M81: 12P | N81: EA | O81: 1 | P81: =VLOOKUP($D81,'[1]250113_자재단가조회'!$D$2:$M$517,10,0) -> 81 | Q81: =ROUND(O81*P81,2) -> 81 | S81: =Q81+R81 -> 81
A82: =ROW(A82)-28 -> 54 | D82: 250-8756 | F82: KH2100087-20 | I82: 외작 | J82: BRACKET | N82: EA | O82: 1 | P82: =VLOOKUP($D82,'[1]250113_자재단가조회'!$D$2:$M$517,10,0) -> 217 | Q82: =ROUND(O82*P82,2) -> 217 | S82: =Q82+R82 -> 217
A83: =ROW(A83)-28 -> 55 | D83: 250-8744 | F83: KH2000022-20 | I83: 외작 | J83: CONNECTOR | M83: 10P | N83: EA | O83: 1 | P83: =VLOOKUP($D83,'[1]250113_자재단가조회'!$D$2:$M$517,10,0) -> 85 | Q83: =ROUND(O83*P83,2) -> 85 | S83: =Q83+R83 -> 85
A84: =ROW(A84)-28 -> 56 | D84: 250-8791 | F84: 657213-5 | I84: 외작 | J84: CONNECTOR | M84: 28P | N84: EA | O84: 1 | P84: =VLOOKUP($D84,'[1]250113_자재단가조회'!$D$2:$M$517,10,0) -> 100 | Q84: =ROUND(O84*P84,2) -> 100 | S84: =Q84+R84 -> 100
A85: =ROW(A85)-28 -> 57 | D85: 250-8649 | F85: KH1800117-20 | I85: 외작 | J85: BAND CABLE | N85: EA | O85: 4 | P85: =VLOOKUP($D85,'[1]250113_자재단가조회'!$D$2:$M$517,10,0) -> 18 | Q85: =ROUND(O85*P85,2) -> 72 | S85: =Q85+R85 -> 72
A86: =ROW(A86)-28 -> 58 | D86: 255-5533 | F86: C/TIE 100MM (B)(111-01950) | I86: 외작 | J86: CABLE TIE | N86: EA | O86: 3 | P86: =VLOOKUP($D86,'[1]250113_자재단가조회'!$D$2:$M$517,10,0) -> 3 | Q86: =ROUND(O86*P86,2) -> 9 | S86: =Q86+R86 -> 9 | AB86: 케이블 타이 1P 증가
A87: =ROW(A87)-28 -> 59 | D87: 256-5619 | F87: HEAT TAPE (B)(E1920BK133) | I87: 외작 | J87: HEAT TAPE | N87: MTR | O87: 0.06 | P87: =VLOOKUP($D87,'[1]250113_자재단가조회'!$D$2:$M$517,10,0) -> 58 | Q87: =ROUND(O87*P87,2) -> 3.48 | S87: =Q87+R87 -> 3.48
A88: =ROW(A88)-28 -> 60 | D88: ST-2312-1211 | F88: LABEL-00370071 CE FL HL STD MAIN DOM/EC NON LD WIRE | I88: 외작 | J88: LABEL | N88: EA | O88: 1 | P88: 10 | Q88: =ROUND(O88*P88,2) -> 10 | S88: =Q88+R88 -> 10
A89: =ROW(A89)-28 -> 61 | D89: 256-5619 | F89: E1920BK133 | I89: 외작 | J89: HEAT TAPE | N89: MTR | O89: 0.12 | P89: =VLOOKUP($D89,'[1]250113_자재단가조회'!$D$2:$M$517,10,0) -> 58 | Q89: =ROUND(O89*P89,2) -> 6.96 | S89: =Q89+R89 -> 6.96 | AB89: 테이핑 40mm 추가 - 페라이트 코어 추가
A90: =ROW(A90)-28 -> 62 | D90: ME-0000-0149 | F90: CFNC30-13-34 | I90: 외작 | J90: FERRITE CORE | N90: EA | O90: 1 | P90: 889.38 | Q90: =ROUND(O90*P90,2) -> 889.38 | S90: =Q90+R90 -> 889.38 | AB90: 페라이트 코어 추가
A91: =ROW(A91)-28 -> 63 | D91: ME-0000-0152 | F91: 35X150X2.45T | I91: 외작 | J91: CS PAD | N91: EA | O91: 2 | P91: 25.2 | Q91: =ROUND(O91*P91,2) -> 50.4 | S91: =Q91+R91 -> 50.4 | AB91: C/S 패드 추가- 페라이트 코어
I92: 계 | Q92: =SUM(Q29:Q91) -> 2259.39 | S92: =SUM(S29:S91) -> 2259.39 | T92: 계 | X92: =SUM(X29:X91) -> 0 | Z92: =SUM(Z29:Z91) -> 0
D93: 재 료 비 합 계 | I93: 내작 | Q93: =SUMIF($I$29:$I$91,$I93,$Q$29:$Q$91) -> 727.42 | S93: =SUMIF($I$29:$I$91,$I93,$S$29:$S$91) -> 727.42 | T93: 내작 | X93: =SUMIF($T$29:$T$91,$T93,$X$29:$X$91) -> 0 | Z93: =SUMIF($T$29:$T$91,$T93,$Z$29:$Z$91) -> 0
I94: 외작 | Q94: =SUMIF($I$29:$I$91,$I94,$Q$29:$Q$91) -> 1531.97 | S94: =SUMIF($I$29:$I$91,$I94,$S$29:$S$91) -> 1531.97 | T94: 외작 | X94: =SUMIF($T$29:$T$91,$T94,$X$29:$X$91) -> 0 | Z94: =SUMIF($T$29:$T$91,$T94,$Z$29:$Z$91) -> 0
A96: 2. 가공비 상세내역
A97: NO | B97: 품 번 | D97: 공 정 명 | G97: 설 비 명 | I97: 내외작 | J97: 효율 | K97: 인원 | L97: 임 율 | M97: 기계경비 | T97: 내외작 | AA97: 차이
B98: (절압품) | N98: C/T | O98: 공정수 | P98: 생산량 | Q98: 노무비 | R98: 경비 | S98: 가공비 | U98: C/T | V98: 공정수 | W98: 생산량 | X98: 노무비 | Y98: 경비 | Z98: 가공비
A99: 1 | B99: 00370071-001 | D99: 절압착(양단) | G99: 자동절압착기 | I99: 내작 | J99: 0.91 | K99: 1 | L99: 10030 | M99: 1920 | N99: 2.5 | O99: 1 | P99: =IFERROR(3600/(O99*N99)*$J99,0) -> 1310.4 | Q99: =IFERROR(ROUND(+$L99/P99*$K99,2),0) -> 7.65 | R99: =IFERROR(ROUND(($M99/P99),2),0) -> 1.47 | S99: =IFERROR(ROUND(Q99+R99,2),0) -> 9.12 | W99: =IFERROR(3600/(V99*U99)*$J99,0) -> 0 | X99: =IFERROR(ROUND(+$L99/W99*$K99,2),0) -> 0 | Y99: =IFERROR(ROUND(($M99/W99),2),0) -> 0 | Z99: =IFERROR(ROUND(X99+Y99,2),0) -> 0
A100: 2 | B100: 00370071-002 | D100: 절압착(양단) | G100: 자동절압착기 | I100: 내작 | J100: =J99 -> 0.91 | K100: 1 | L100: =L99 -> 10030 | M100: 1920 | N100: 2.5 | O100: 1 | P100: =IFERROR(3600/(O100*N100)*$J100,0) -> 1310.4 | Q100: =IFERROR(ROUND(+$L100/P100*$K100,2),0) -> 7.65 | R100: =IFERROR(ROUND(($M100/P100),2),0) -> 1.47 | S100: =IFERROR(ROUND(Q100+R100,2),0) -> 9.12
A101: 3 | B101: 00370071-003 | D101: 절압착(양단) | G101: 자동절압착기 | I101: 내작 | J101: =J100 -> 0.91 | K101: 1 | L101: =L100 -> 10030 | M101: 1920 | N101: 2.5 | O101: 1 | P101: =IFERROR(3600/(O101*N101)*$J101,0) -> 1310.4 | Q101: =IFERROR(ROUND(+$L101/P101*$K101,2),0) -> 7.65 | R101: =IFERROR(ROUND(($M101/P101),2),0) -> 1.47 | S101: =IFERROR(ROUND(Q101+R101,2),0) -> 9.12
A102: 4 | B102: 00370071-004 | D102: 절압착(양단) | G102: 자동절압착기 | I102: 내작 | J102: =J101 -> 0.91 | K102: 1 | L102: =L101 -> 10030 | M102: 1920 | N102: 2.5 | O102: 1 | P102: =IFERROR(3600/(O102*N102)*$J102,0) -> 1310.4 | Q102: =IFERROR(ROUND(+$L102/P102*$K102,2),0) -> 7.65 | R102: =IFERROR(ROUND(($M102/P102),2),0) -> 1.47 | S102: =IFERROR(ROUND(Q102+R102,2),0) -> 9.12
A103: 5 | B103: 00370071-005 | D103: 절압착(양단) | G103: 자동절압착기 | I103: 내작 | J103: =J102 -> 0.91 | K103: 1 | L103: =L102 -> 10030 | M103: 1920 | N103: 2.5 | O103: 1 | P103: =IFERROR(3600/(O103*N103)*$J103,0) -> 1310.4 | Q103: =IFERROR(ROUND(+$L103/P103*$K103,2),0) -> 7.65 | R103: =IFERROR(ROUND(($M103/P103),2),0) -> 1.47 | S103: =IFERROR(ROUND(Q103+R103,2),0) -> 9.12
A104: 6 | B104: 00370071-006 | D104: 절압착(양단) | G104: 자동절압착기 | I104: 내작 | J104: =J103 -> 0.91 | K104: 1 | L104: =L103 -> 10030 | M104: 1920 | N104: 2.5 | O104: 1 | P104: =IFERROR(3600/(O104*N104)*$J104,0) -> 1310.4 | Q104: =IFERROR(ROUND(+$L104/P104*$K104,2),0) -> 7.65 | R104: =IFERROR(ROUND(($M104/P104),2),0) -> 1.47 | S104: =IFERROR(ROUND(Q104+R104,2),0) -> 9.12
A105: 7 | B105: 00370071-007 | D105: 절압착(양단) | G105: 자동절압착기 | I105: 내작 | J105: =J104 -> 0.91 | K105: 1 | L105: =L104 -> 10030 | M105: 1920 | N105: 2.5 | O105: 1 | P105: =IFERROR(3600/(O105*N105)*$J105,0) -> 1310.4 | Q105: =IFERROR(ROUND(+$L105/P105*$K105,2),0) -> 7.65 | R105: =IFERROR(ROUND(($M105/P105),2),0) -> 1.47 | S105: =IFERROR(ROUND(Q105+R105,2),0) -> 9.12
A106: 8 | B106: 00370071-008 | D106: 절압착(편단) | G106: 자동절압착기 | I106: 내작 | J106: =J105 -> 0.91 | K106: 1 | L106: =L105 -> 10030 | M106: 1920 | N106: 2.2 | O106: 1 | P106: =IFERROR(3600/(O106*N106)*$J106,0) -> 1489.0909 | Q106: =IFERROR(ROUND(+$L106/P106*$K106,2),0) -> 6.74 | R106: =IFERROR(ROUND(($M106/P106),2),0) -> 1.29 | S106: =IFERROR(ROUND(Q106+R106,2),0) -> 8.03
A107: 9 | B107: 00370071-009 | D107: 절압착(양단) | G107: 자동절압착기 | I107: 내작 | J107: =J106 -> 0.91 | K107: 1 | L107: =L106 -> 10030 | M107: 1920 | N107: 2.5 | O107: 1 | P107: =IFERROR(3600/(O107*N107)*$J107,0) -> 1310.4 | Q107: =IFERROR(ROUND(+$L107/P107*$K107,2),0) -> 7.65 | R107: =IFERROR(ROUND(($M107/P107),2),0) -> 1.47 | S107: =IFERROR(ROUND(Q107+R107,2),0) -> 9.12
A108: 10 | B108: 00370071-010 | D108: 절압착(양단) | G108: 자동절압착기 | I108: 내작 | J108: =J107 -> 0.91 | K108: 1 | L108: =L107 -> 10030 | M108: 1920 | N108: 2.5 | O108: 1 | P108: =IFERROR(3600/(O108*N108)*$J108,0) -> 1310.4 | Q108: =IFERROR(ROUND(+$L108/P108*$K108,2),0) -> 7.65 | R108: =IFERROR(ROUND(($M108/P108),2),0) -> 1.47 | S108: =IFERROR(ROUND(Q108+R108,2),0) -> 9.12
A109: 11 | B109: 00370071-011 | D109: 절압착(양단) | G109: 자동절압착기 | I109: 내작 | J109: =J108 -> 0.91 | K109: 1 | L109: =L108 -> 10030 | M109: 1920 | N109: 2.5 | O109: 1 | P109: =IFERROR(3600/(O109*N109)*$J109,0) -> 1310.4 | Q109: =IFERROR(ROUND(+$L109/P109*$K109,2),0) -> 7.65 | R109: =IFERROR(ROUND(($M109/P109),2),0) -> 1.47 | S109: =IFERROR(ROUND(Q109+R109,2),0) -> 9.12
A110: 12 | B110: 00370071-012 | D110: 절압착(양단) | G110: 자동절압착기 | I110: 내작 | J110: =J109 -> 0.91 | K110: 1 | L110: =L109 -> 10030 | M110: 1920 | N110: 2.5 | O110: 1 | P110: =IFERROR(3600/(O110*N110)*$J110,0) -> 1310.4 | Q110: =IFERROR(ROUND(+$L110/P110*$K110,2),0) -> 7.65 | R110: =IFERROR(ROUND(($M110/P110),2),0) -> 1.47 | S110: =IFERROR(ROUND(Q110+R110,2),0) -> 9.12
A111: 13 | B111: 00370071-013 | D111: 절압착(양단) | G111: 자동절압착기 | I111: 내작 | J111: =J110 -> 0.91 | K111: 1 | L111: =L110 -> 10030 | M111: 1920 | N111: 2.5 | O111: 1 | P111: =IFERROR(3600/(O111*N111)*$J111,0) -> 1310.4 | Q111: =IFERROR(ROUND(+$L111/P111*$K111,2),0) -> 7.65 | R111: =IFERROR(ROUND(($M111/P111),2),0) -> 1.47 | S111: =IFERROR(ROUND(Q111+R111,2),0) -> 9.12
... A115: 17 | B115: 00370071-017 | D115: 절압착(양단) | G115: 자동절압착기 | I115: 내작 | J115: =J114 -> 0.91 | K115: 1 | L115: =L114 -> 10030 | M115: 1920 | N115: 2.5 | O115: 1 | P115: =IFERROR(3600/(O115*N115)*$J115,0) -> 1310.4 | Q115: =IFERROR(ROUND(+$L115/P115*$K115,2),0) -> 7.65 | R115: =IFERROR(ROUND(($M115/P115),2),0) -> 1.47 | S115: =IFERROR(ROUND(Q115+R115,2),0) -> 9.12
A116: 18 | D116: 수동 중간탈피 | G116: 수동중간탈피기 | I116: 내작 | J116: =J115 -> 0.91 | K116: 1 | L116: =L115 -> 10030 | M116: 312 | N116: 4.5 | O116: 1 | P116: =IFERROR(3600/(O116*N116)*$J116,0) -> 728 | Q116: =IFERROR(ROUND(+$L116/P116*$K116,2),0) -> 13.78 | R116: =IFERROR(ROUND(($M116/P116),2),0) -> 0.43 | S116: =IFERROR(ROUND(Q116+R116,2),0) -> 14.21
A117: 19 | D117: SPLICE 2:1 | G117: 반자동압착기 | I117: 외작 | J117: =J116 -> 0.91 | K117: 1 | L117: =L116 -> 10030 | M117: 238 | N117: 6 | O117: 1 | P117: =IFERROR(3600/(O117*N117)*$J117,0) -> 546 | Q117: =IFERROR(ROUND(+$L117/P117*$K117,2),0) -> 18.37 | R117: =IFERROR(ROUND(($M117/P117),2),0) -> 0.44 | S117: =IFERROR(ROUND(Q117+R117,2),0) -> 18.81
...

Sheet 18
A1: 원가계산서
A2: 작성일자 : 25.01.15 | C2: 작성자 : 남광표
A3: 차종 | B3: CE FL | D3: 고 객 품 번 | F3: 00363724 | H3: 경 림 품 번 | I3: WA-2312-4428 | K3: 품 명 | L3: CE FL RC OS STD NAS WIRE
A4: SOP | B4: 2025.05.15 | D4: 연 생 산 수 량 | H4: 고 객 사 | I4: SL 천안공장 | K4: EO NO | L4: DR-24069 | N4: EO 일자 | O4: 24.06.11
A6: 3. 원가 계산 정보
A7: 원 가 요 소 | C7: 계 산 수 식 | F7: 외작 | G7: 내작 | H7: 계 | I7: 협력사 구매가 | K7: 비고 | U7: 원 가 요 소 | W7: 외작 | X7: 내작 | Y7: 계 | Z7: 협력사 구매가
A8: 1. 재 료 비 | C8: 재료비 합계(내/외작) | F8: =SUMIF($M$29:$M$56,F$7,$S$29:$S$56) -> 311.08 | G8: =SUMIF($M$29:$M$56,G$7,$S$29:$S$56) -> 193.02 | H8: =+F8+G8 -> 504.1 | I8: =SUM($S$29:$S$56) -> 504.1 | U8: 1. 재 료 비 | W8: =SUMIF($T$29:$T$56,W$7,$Z$29:$Z$56) -> 0 | X8: =SUMIF($T$29:$T$56,X$7,$Z$29:$Z$56) -> 0 | Y8: =+W8+X8 -> 0 | Z8: =SUM($Z$29:$Z$56) -> 0
A9: 2. 가공비 | F9: =+F10+F11 -> 256.82 | G9: =+G10+G11 -> 65.66 | H9: =+F9+G9 -> 322.48 | I9: =SUM(I10:I11) -> 256.82 | U9: 2. 가공비 | W9: =+W10+W11 -> 0 | X9: =+X10+X11 -> 0 | Y9: =+W9+X9 -> 0 | Z9: =SUM(Z10:Z11) -> 0
A10: 2. 노 무 비 | C10: 노무비 합계(내/외작) | F10: =SUMIF($M$64:$M$72,F$7,$Q$64:$Q$72) -> 255.63 | G10: =SUMIF($M$64:$M$72,G$7,$Q$64:$Q$72) -> 55.11 | H10: =+F10+G10 -> 310.74 | I10: =SUMIF($M$64:$M$72,$F$7,$Q$64:$Q$72) -> 255.63 | U10: 2. 노 무 비 | W10: =SUMIF($T$64:$T$72,W$7,$X$64:$X$72) -> 0 | X10: =SUMIF($T$64:$T$72,X$7,$X$64:$X$72) -> 0 | Y10: =+W10+X10 -> 0 | Z10: =SUMIF($T$64:$T$72,$W$7,$X$64:$X$72) -> 0
A11: 3. 경 비 | C11: 경비 합계(내/외작) | F11: =SUMIF($M$64:$M$72,F$7,$R$64:$R$72) -> 1.19 | G11: =SUMIF($M$64:$M$72,G$7,$R$64:$R$72) -> 10.55 | H11: =+F11+G11 -> 11.74 | I11: =SUMIF($M$64:$M$72,$F$7,$R$64:$R$72) -> 1.19 | U11: 3. 경 비 | W11: =SUMIF($T$64:$T$72,W$7,$Y$64:$Y$72) -> 0 | X11: =SUMIF($T$64:$T$72,X$7,$Y$64:$Y$72) -> 0 | Y11: =+W11+X11 -> 0 | Z11: =SUMIF($T$64:$T$72,$W$7,$Y$64:$Y$72) -> 0
A12: 4. 제 조 원 가 | C12: ( 1 + 2 + 3 ) | F12: =+F8+F10+F11 -> 567.9 | G12: =+G8+G10+G11 -> 258.68 | H12: =+F12+G12 -> 826.58 | I12: =SUM(I11,I10,I8) -> 760.92 | U12: 4. 제 조 원 가 | W12: =+W8+W10+W11 -> 0 | X12: =+X8+X10+X11 -> 0 | Y12: =+W12+X12 -> 0 | Z12: =SUM(Z8,Z10,Z11) -> 0
A13: 5. 재 료 관 리 비 | C13: ( 1 ) X | D13: 0.01 | F13: =ROUND(+F8*$D13,2) -> 3.11 | G13: =ROUND(+G8*$D13,2) -> 1.93 | H13: =+F13+G13 -> 5.04 | I13: =ROUND(I8*$D13,2) -> 5.04 | U13: 5. 재 료 관 리 비 | W13: =ROUND(+W8*$D13,2) -> 0 | X13: =ROUND(+X8*$D13,2) -> 0 | Y13: =+W13+X13 -> 0 | Z13: =ROUND(Z8*$D13,2) -> 0
A14: 6. 일 반 관 리 비 | C14: ( 2+3 ) X | D14: 0.1 | F14: =ROUND((F10+F11)*$D14,2) -> 25.68 | G14: =ROUND((G10+G11)*$D14,2) -> 6.57 | H14: =+F14+G14 -> 32.25 | I14: =ROUND((I10+I11)*$D14,2) -> 25.68 | U14: 6. 일 반 관 리 비 | W14: =ROUND((W10+W11)*$D14,2) -> 0 | X14: =ROUND((X10+X11)*$D14,2) -> 0 | Y14: =+W14+X14 -> 0 | Z14: =ROUND((Z10+Z11)*$D14,2) -> 0
A15: 7. 불 량 비 | C15: ( 4 ) X | D15: 0.01 | F15: =ROUND(F12*$D15,2) -> 5.68 | G15: =ROUND(G12*$D15,2) -> 2.59 | H15: =+F15+G15 -> 8.27 | I15: =ROUND(I12*$D15,2) -> 7.61 | U15: 7. 불 량 비 | W15: =ROUND(W12*$D15,2) -> 0 | X15: =ROUND(X12*$D15,2) -> 0 | Y15: =+W15+X15 -> 0 | Z15: =ROUND(Z12*$D15,2) -> 0
A16: 8. 이 윤 | C16: ( 2 +3+ 6 ) X | D16: 0.1 | F16: =ROUND(SUM(F10,F11,F14)*$D16,2) -> 28.25 | G16: =ROUND(SUM(G10,G11,G14)*$D16,2) -> 7.22 | H16: =+F16+G16 -> 35.47 | I16: =ROUND((I10+I11+I14)*$D16,2) -> 28.25 | U16: 8. 이 윤 | W16: =ROUND(SUM(W10,W11,W14)*$D16,2) -> 0 | X16: =ROUND(SUM(X10,X11,X14)*$D16,2) -> 0 | Y16: =+W16+X16 -> 0 | Z16: =ROUND((Z10+Z11+Z14)*$D16,2) -> 0
A17: 9. 포 장 비 | C17: 별도 | U17: 9. 포 장 비
A18: 10. 운 반 비 | C18: 별도 | U18: 10. 운 반 비
A19: 11. 구 매 원 가 | C19: 별도 | F19: =SUM(F12:F18) -> 630.62 | G19: =SUM(G12:G18) -> 276.99 | H19: =SUM(H12:H18) -> 907.61 | I19: =SUM(I12:I18) -> 827.5 | U19: 11. 구 매 원 가 | W19: =SUM(W12:W18) -> 0 | X19: =SUM(X12:X18) -> 0 | Y19: =SUM(Y12:Y18) -> 0 | Z19: =SUM(Z12:Z18) -> 0
A20: 12. 설 계 시 험 비 | F20: =ROUND(+F19*$D20,2) -> 0 | G20: =ROUND(+G19*$D20,2) -> 0 | H20: =G20+F20 -> 0 | I20: =H20+G20 -> 0 | U20: 12. 설 계 시 험 비 | W20: 0 | X20: 0 | Y20: 0 | Z20: 0
A21: 13. 관 리 비 | F21: =ROUND(F19*$D21,2) -> 0 | G21: =ROUND(G19*$D21,2) -> 0 | H21: =SUM(H12:H18)*$D21 -> 0 | I21: =SUM(I12:I18)*$D21 -> 0 | U21: 13. 관 리 비 | W21: 0 | X21: 0 | Y21: 0 | Z21: 0
A22: 14. 총 원 가 | F22: =SUM(F19:F21) -> 630.62 | G22: =SUM(G19:G21) -> 276.99 | H22: =SUM(H19:H21) -> 907.61 | I22: =SUM(I19:I21) -> 827.5 | U22: 14. 총 원 가 | W22: =SUM(W19:W21) -> 0 | X22: =SUM(X19:X21) -> 0 | Y22: =SUM(Y19:Y21) -> 0 | Z22: =SUM(Z19:Z21) -> 0
A23: 판 매 가 | U23: 판 매 가
A26: 1. 재료비 상세내역
A27: NO | B27: 품 번 | D27: 품 번 | F27: 품 명 | I27: 규격 | M27: 내외작 | T27: 내외작 | AA27: 차이 | AB27: 비 고
B28: (절압품) | D28: (원재료) | F28: (원재료 품명) | N28: 단위 | O28: 수량 | P28: 단가 | Q28: 재료비 | R28: SCRAP비 | S28: 합계 | U28: 단위 | V28: 수량 | W28: 단가 | X28: 재료비 | Y28: SCRAP비 | Z28: 합계
A29: =ROW(A29)-28 -> 1 | B29: 00363724-001 | D29: 210-4531 | F29: AVSS 0.5 B/P | I29: WIRE | M29: 내작 | N29: MTR | O29: 0.168 | P29: =VLOOKUP($D29,[1]원자재_250115!$D:$G,4,) -> 54.6 | Q29: =ROUND(O29*P29,2) -> 9.17 | S29: =Q29+R29 -> 9.17 | X29: =ROUND(V29*W29,2) -> 0 | Z29: =X29+Y29 -> 0
A30: =ROW(A30)-28 -> 2 | B30: 00363724-001 | D30: 251-8319 | F30: K200294-30 | I30: TERMINAL | M30: 내작 | N30: EA | O30: 1 | P30: =VLOOKUP($D30,[1]원자재_250115!$D:$G,4,) -> 5.8 | Q30: =ROUND(O30*P30,2) -> 5.8 | S30: =Q30+R30 -> 5.8 | X30: =ROUND(V30*W30,2) -> 0 | Z30: =X30+Y30 -> 0
A31: =ROW(A31)-28 -> 3 | B31: 00363724-001 | D31: MT-0400-0066 | F31: KM025BWP M TML(L) | I31: TERMINAL | M31: 내작 | N31: EA | O31: 1 | P31: =VLOOKUP($D31,[1]표지!$Z$81:$AB$97,3,) -> 7.2 | Q31: =ROUND(O31*P31,2) -> 7.2 | S31: =Q31+R31 -> 7.2 | X31: =ROUND(V31*W31,2) -> 0 | Z31: =X31+Y31 -> 0
A32: =ROW(A32)-28 -> 4 | B32: 00363724-001 | D32: 250-4428 | F32: KM025WP-W/SEAL(L) | I32: SEAL | M32: 내작 | N32: EA | O32: 1 | P32: =VLOOKUP($D32,[1]원자재_250115!$D:$G,4,) -> 10 | Q32: =ROUND(O32*P32,2) -> 10 | S32: =Q32+R32 -> 10 | X32: =ROUND(V32*W32,2) -> 0 | Z32: =X32+Y32 -> 0
A33: =ROW(A33)-28 -> 5 | B33: 00363724-002 | D33: 210-4518 | F33: AVSS 0.5 B/R | I33: WIRE | M33: 내작 | N33: MTR | O33: 0.168 | P33: =VLOOKUP($D33,[1]원자재_250115!$D:$G,4,) -> 54.6 | Q33: =ROUND(O33*P33,2) -> 9.17 | S33: =Q33+R33 -> 9.17 | X33: =ROUND(V33*W33,2) -> 0 | Z33: =X33+Y33 -> 0
A34: =ROW(A34)-28 -> 6 | B34: 00363724-002 | D34: 251-8319 | F34: K200294-30 | I34: TERMINAL | M34: 내작 | N34: EA | O34: 1 | P34: =VLOOKUP($D34,[1]원자재_250115!$D:$G,4,) -> 5.8 | Q34: =ROUND(O34*P34,2) -> 5.8 | S34: =Q34+R34 -> 5.8 | X34: =ROUND(V34*W34,2) -> 0 | Z34: =X34+Y34 -> 0
A35: =ROW(A35)-28 -> 7 | B35: 00363724-002 | D35: MT-0400-0066 | F35: KM025BWP M TML(L) | I35: TERMINAL | M35: 내작 | N35: EA | O35: 1 | P35: =VLOOKUP($D35,[1]표지!$Z$81:$AB$97,3,) -> 7.2 | Q35: =ROUND(O35*P35,2) -> 7.2 | S35: =Q35+R35 -> 7.2 | X35: =ROUND(V35*W35,2) -> 0 | Z35: =X35+Y35 -> 0
A36: =ROW(A36)-28 -> 8 | B36: 00363724-002 | D36: 250-4428 | F36: KM025WP-W/SEAL(L) | I36: SEAL | M36: 내작 | N36: EA | O36: 1 | P36: =VLOOKUP($D36,[1]원자재_250115!$D:$G,4,) -> 10 | Q36: =ROUND(O36*P36,2) -> 10 | S36: =Q36+R36 -> 10 | X36: =ROUND(V36*W36,2) -> 0 | Z36: =X36+Y36 -> 0
A37: =ROW(A37)-28 -> 9 | B37: 00363724-003 | D37: 210-4530 | F37: AVSS 0.5 B/O | I37: WIRE | M37: 내작 | N37: MTR | O37: 0.168 | P37: =VLOOKUP($D37,[1]원자재_250115!$D:$G,4,) -> 54.6 | Q37: =ROUND(O37*P37,2) -> 9.17 | S37: =Q37+R37 -> 9.17 | X37: =ROUND(V37*W37,2) -> 0 | Z37: =X37+Y37 -> 0
A38: =ROW(A38)-28 -> 10 | B38: 00363724-003 | D38: 251-8319 | F38: K200294-30 | I38: TERMINAL | M38: 내작 | N38: EA | O38: 1 | P38: =VLOOKUP($D38,[1]원자재_250115!$D:$G,4,) -> 5.8 | Q38: =ROUND(O38*P38,2) -> 5.8 | S38: =Q38+R38 -> 5.8 | X38: =ROUND(V38*W38,2) -> 0 | Z38: =X38+Y38 -> 0
A39: =ROW(A39)-28 -> 11 | B39: 00363724-003 | D39: MT-0400-0066 | F39: KM025BWP M TML(L) | I39: TERMINAL | M39: 내작 | N39: EA | O39: 1 | P39: =VLOOKUP($D39,[1]표지!$Z$81:$AB$97,3,) -> 7.2 | Q39: =ROUND(O39*P39,2) -> 7.2 | S39: =Q39+R39 -> 7.2 | X39: =ROUND(V39*W39,2) -> 0 | Z39: =X39+Y39 -> 0
A40: =ROW(A40)-28 -> 12 | B40: 00363724-003 | D40: 250-4428 | F40: KM025WP-W/SEAL(L) | I40: SEAL | M40: 내작 | N40: EA | O40: 1 | P40: =VLOOKUP($D40,[1]원자재_250115!$D:$G,4,) -> 10 | Q40: =ROUND(O40*P40,2) -> 10 | S40: =Q40+R40 -> 10 | X40: =ROUND(V40*W40,2) -> 0 | Z40: =X40+Y40 -> 0
A41: =ROW(A41)-28 -> 13 | B41: 00363724-004 | D41: 210-4512 | F41: AVSS 0.5 B/Y | I41: WIRE | M41: 내작 | N41: MTR | O41: 0.168 | P41: =VLOOKUP($D41,[1]원자재_250115!$D:$G,4,) -> 54.6 | Q41: =ROUND(O41*P41,2) -> 9.17 | S41: =Q41+R41 -> 9.17 | X41: =ROUND(V41*W41,2) -> 0 | Z41: =X41+Y41 -> 0
A42: =ROW(A42)-28 -> 14 | B42: 00363724-004 | D42: 251-8319 | F42: K200294-30 | I42: TERMINAL | M42: 내작 | N42: EA | O42: 1 | P42: =VLOOKUP($D42,[1]원자재_250115!$D:$G,4,) -> 5.8 | Q42: =ROUND(O42*P42,2) -> 5.8 | S42: =Q42+R42 -> 5.8 | X42: =ROUND(V42*W42,2) -> 0 | Z42: =X42+Y42 -> 0
A43: =ROW(A43)-28 -> 15 | B43: 00363724-004 | D43: MT-0400-0066 | F43: KM025BWP M TML(L) | I43: TERMINAL | M43: 내작 | N43: EA | O43: 1 | P43: =VLOOKUP($D43,[1]표지!$Z$81:$AB$97,3,) -> 7.2 | Q43: =ROUND(O43*P43,2) -> 7.2 | S43: =Q43+R43 -> 7.2 | X43: =ROUND(V43*W43,2) -> 0 | Z43: =X43+Y43 -> 0
A44: =ROW(A44)-28 -> 16 | B44: 00363724-004 | D44: 250-4428 | F44: KM025WP-W/SEAL(L) | I44: SEAL | M44: 내작 | N44: EA | O44: 1 | P44: =VLOOKUP($D44,[1]원자재_250115!$D:$G,4,) -> 10 | Q44: =ROUND(O44*P44,2) -> 10 | S44: =Q44+R44 -> 10 | X44: =ROUND(V44*W44,2) -> 0 | Z44: =X44+Y44 -> 0
A45: =ROW(A45)-28 -> 17 | B45: 00363724-005 | D45: 210-4501 | F45: AVSS 0.5 B | I45: WIRE | M45: 내작 | N45: MTR | O45: 0.168 | P45: =VLOOKUP($D45,[1]원자재_250115!$D:$G,4,) -> 54.6 | Q45: =ROUND(O45*P45,2) -> 9.17 | S45: =Q45+R45 -> 9.17 | X45: =ROUND(V45*W45,2) -> 0 | Z45: =X45+Y45 -> 0
A46: =ROW(A46)-28 -> 18 | B46: 00363724-005 | D46: 251-8319 | F46: K200294-30 | I46: TERMINAL | M46: 내작 | N46: EA | O46: 1 | P46: =VLOOKUP($D46,[1]원자재_250115!$D:$G,4,) -> 5.8 | Q46: =ROUND(O46*P46,2) -> 5.8 | S46: =Q46+R46 -> 5.8 | X46: =ROUND(V46*W46,2) -> 0 | Z46: =X46+Y46 -> 0
A47: =ROW(A47)-28 -> 19 | B47: 00363724-005 | D47: MT-0400-0066 | F47: KM025BWP M TML(L) | I47: TERMINAL | M47: 내작 | N47: EA | O47: 1 | P47: =VLOOKUP($D47,[1]표지!$Z$81:$AB$97,3,) -> 7.2 | Q47: =ROUND(O47*P47,2) -> 7.2 | S47: =Q47+R47 -> 7.2 | X47: =ROUND(V47*W47,2) -> 0 | Z47: =X47+Y47 -> 0
A48: =ROW(A48)-28 -> 20 | B48: 00363724-005 | D48: 250-4428 | F48: KM025WP-W/SEAL(L) | I48: SEAL | M48: 내작 | N48: EA | O48: 1 | P48: =VLOOKUP($D48,[1]원자재_250115!$D:$G,4,) -> 10 | Q48: =ROUND(O48*P48,2) -> 10 | S48: =Q48+R48 -> 10 | X48: =ROUND(V48*W48,2) -> 0 | Z48: =X48+Y48 -> 0
A49: =ROW(A49)-28 -> 21 | B49: 00363724-006 | D49: 210-4503 | F49: AVSS 0.5 Gr | I49: WIRE | M49: 내작 | N49: MTR | O49: 0.168 | P49: =VLOOKUP($D49,[1]원자재_250115!$D:$G,4,) -> 54.6 | Q49: =ROUND(O49*P49,2) -> 9.17 | S49: =Q49+R49 -> 9.17 | X49: =ROUND(V49*W49,2) -> 0 | Z49: =X49+Y49 -> 0
A50: =ROW(A50)-28 -> 22 | B50: 00363724-006 | D50: 251-8319 | F50: K200294-30 | I50: TERMINAL | M50: 내작 | N50: EA | O50: 1 | P50: =VLOOKUP($D50,[1]원자재_250115!$D:$G,4,) -> 5.8 | Q50: =ROUND(O50*P50,2) -> 5.8 | S50: =Q50+R50 -> 5.8 | X50: =ROUND(V50*W50,2) -> 0 | Z50: =X50+Y50 -> 0
A51: =ROW(A51)-28 -> 23 | B51: 00363724-006 | D51: MT-0400-0066 | F51: KM025BWP M TML(L) | I51: TERMINAL | M51: 내작 | N51: EA | O51: 1 | P51: =VLOOKUP($D51,[1]표지!$Z$81:$AB$97,3,) -> 7.2 | Q51: =ROUND(O51*P51,2) -> 7.2 | S51: =Q51+R51 -> 7.2 | X51: =ROUND(V51*W51,2) -> 0 | Z51: =X51+Y51 -> 0
A52: =ROW(A52)-28 -> 24 | B52: 00363724-006 | D52: 250-4428 | F52: KM025WP-W/SEAL(L) | I52: SEAL | M52: 내작 | N52: EA | O52: 1 | P52: =VLOOKUP($D52,[1]원자재_250115!$D:$G,4,) -> 10 | Q52: =ROUND(O52*P52,2) -> 10 | S52: =Q52+R52 -> 10 | X52: =ROUND(V52*W52,2) -> 0 | Z52: =X52+Y52 -> 0
A53: =ROW(A53)-28 -> 25 | D53: 250-4430 | F53: KM025WP-D/SEAL-S | I53: SEAL | M53: 외작 | N53: EA | O53: 2 | P53: =VLOOKUP($D53,[1]원자재_250115!$D:$G,4,) -> 17.5 | Q53: =ROUND(O53*P53,2) -> 35 | S53: =Q53+R53 -> 35 | X53: =ROUND(V53*W53,2) -> 0 | Z53: =X53+Y53 -> 0
A54: =ROW(A54)-28 -> 26 | D54: 250-8718 | F54: 615660 | I54: CONNECTOR | M54: 외작 | N54: EA | O54: 1 | P54: =VLOOKUP($D54,[1]원자재_250115!$D:$G,4,) -> 25.5 | Q54: =ROUND(O54*P54,2) -> 25.5 | S54: =Q54+R54 -> 25.5 | X54: =ROUND(V54*W54,2) -> 0 | Z54: =X54+Y54 -> 0
A55: =ROW(A55)-28 -> 27 | D55: MC-0421-0172 | F55: KM025W-8DP-HA/GR-A | I55: CONNECTOR | M55: 외작 | N55: EA | O55: 1 | P55: =VLOOKUP($D55,[1]표지!$Z$81:$AB$97,3,) -> 250 | Q55: =ROUND(O55*P55,2) -> 250 | S55: =Q55+R55 -> 250 | X55: =ROUND(V55*W55,2) -> 0 | Z55: =X55+Y55 -> 0
A56: =ROW(A56)-28 -> 28 | D56: 256-5614 | F56: PVC TAPE (B)(H1920BK131) | I56: PVC TAPE | M56: 외작 | N56: MTR | O56: 0.04 | P56: =VLOOKUP($D56,[1]원자재_250115!$D:$G,4,) -> 14.4 | Q56: =ROUND(O56*P56,2) -> 0.58 | S56: =Q56+R56 -> 0.58 | X56: =ROUND(V56*W56,2) -> 0 | Z56: =X56+Y56 -> 0
M57: 계 | Q57: =SUM(Q29:Q56) -> 504.1 | S57: =SUM(S29:S56) -> 504.1 | T57: 계 | X57: =SUM(X29:X56) -> 0 | Z57: =SUM(Z29:Z56) -> 0
D58: 재 료 비 합 계 | M58: 내작 | Q58: =SUMIF($M$29:$M$56,$M58,$Q$29:$Q$56) -> 193.02 | S58: =SUMIF($M$29:$M$56,$M58,$S$29:$S$56) -> 193.02 | T58: 내작 | X58: =SUMIF($T$29:$T$56,$T58,$X$29:$X$56) -> 0 | Z58: =SUMIF($T$29:$T$56,$T58,$Z$29:$Z$56) -> 0
M59: 외작 | Q59: =SUMIF($M$29:$M$56,$M59,$Q$29:$Q$56) -> 311.08 | S59: =SUMIF($M$29:$M$56,$M59,$S$29:$S$56) -> 311.08 | T59: 외작 | X59: =SUMIF($T$29:$T$56,$T59,$X$29:$X$56) -> 0 | Z59: =SUMIF($T$29:$T$56,$T59,$Z$29:$Z$56) -> 0
A61: 2. 가공비 상세내역
A62: NO | B62: 품 번 | D62: 공 정 명 | G62: 설 비 명 | I62: 효율 | J62: 인원 | K62: 임 율 | L62: 기계경비 | M62: 내외작 | T62: 내외작 | AA62: 차이 | AB62: 비 고
B63: (절압품) | N63: C/T | O63: 공정수 | P63: 생산량 | Q63: 노무비 | R63: 경비 | S63: 가공비 | U63: C/T | V63: 공정수 | W63: 생산량 | X63: 노무비 | Y63: 경비 | Z63: 가공비
A64: 1 | D64: 전선절압착(씰압착) | G64: 자동절압착기 | I64: 0.91 | J64: 1 | K64: 10030 | L64: 1920 | M64: 내작 | N64: 3 | O64: 6 | P64: =IFERROR(3600/(O64*N64)*$I64,0) -> 182 | Q64: =IFERROR(ROUND(+$K64/P64*$J64,2),0) -> 55.11 | R64: =IFERROR(ROUND(($L64/P64),2),0) -> 10.55 | S64: =IFERROR(ROUND(Q64+R64,2),0) -> 65.66 | W64: =IFERROR(3600/(V64*U64)*$I64,0) -> 0 | X64: =IFERROR(ROUND(+$K64/W64*$J64,2),0) -> 0 | Y64: =IFERROR(ROUND(($L64/W64),2),0) -> 0 | Z64: =IFERROR(ROUND(X64+Y64,2),0) -> 0
A65: 2 | D65: CAVITY PLUG 조립 | G65: 수작업 | I65: 0.91 | J65: 1 | K65: 10030 | M65: 외작 | N65: 4 | O65: 2 | P65: =IFERROR(3600/(O65*N65)*$I65,0) -> 409.5 | Q65: =IFERROR(ROUND(+$K65/P65*$J65,2),0) -> 24.49 | R65: =IFERROR(ROUND(($L65/P65),2),0) -> 0 | S65: =IFERROR(ROUND(Q65+R65,2),0) -> 24.49
A66: 3 | D66: CONNECTOR조립 7P | G66: 수작업 | I66: 0.91 | J66: 1 | K66: 10030 | M66: 외작 | N66: 4 | O66: 6 | P66: =IFERROR(3600/(O66*N66)*$I66,0) -> 136.5 | Q66: =IFERROR(ROUND(+$K66/P66*$J66,2),0) -> 73.48 | R66: =IFERROR(ROUND(($L66/P66),2),0) -> 0 | S66: =IFERROR(ROUND(Q66+R66,2),0) -> 73.48
A67: 4 | D67: MAIN CONNECTOR조립 8P | G67: 수작업 | I67: 0.91 | J67: 1 | K67: 10030 | M67: 외작 | N67: 5 | O67: 6 | P67: =IFERROR(3600/(O67*N67)*$I67,0) -> 109.2 | Q67: =IFERROR(ROUND(+$K67/P67*$J67,2),0) -> 91.85 | R67: =IFERROR(ROUND(($L67/P67),2),0) -> 0 | S67: =IFERROR(ROUND(Q67+R67,2),0) -> 91.85
A68: 5 | D68: LOCK PLATE 조립(일체형) | G68: 수작업 | I68: 0.91 | J68: 1 | K68: 10030 | M68: 외작 | N68: 2 | O68: 1 | P68: =IFERROR(3600/(O68*N68)*$I68,0) -> 1638 | Q68: =IFERROR(ROUND(+$K68/P68*$J68,2),0) -> 6.12 | R68: =IFERROR(ROUND(($L68/P68),2),0) -> 0 | S68: =IFERROR(ROUND(Q68+R68,2),0) -> 6.12
A69: 6 | D69: TAPE'G 조립(40mm이하) | G69: 수작업 | I69: 0.91 | J69: 1 | K69: 10030 | M69: 외작 | N69: 8 | O69: 1 | P69: =IFERROR(3600/(O69*N69)*$I69,0) -> 409.5 | Q69: =IFERROR(ROUND(+$K69/P69*$J69,2),0) -> 24.49 | R69: =IFERROR(ROUND(($L69/P69),2),0) -> 0 | S69: =IFERROR(ROUND(Q69+R69,2),0) -> 24.49
A70: 7 | D70: 회로검사 | G70: 회로검사기 | I70: 0.91 | J70: 1 | K70: 10030 | L70: 486 | M70: 외작 | N70: 4 | O70: 2 | P70: =IFERROR(3600/(O70*N70)*$I70,0) -> 409.5 | Q70: =IFERROR(ROUND(+$K70/P70*$J70,2),0) -> 24.49 | R70: =IFERROR(ROUND(($L70/P70),2),0) -> 1.19 | S70: =IFERROR(ROUND(Q70+R70,2),0) -> 25.68
A71: 8 | D71: 육안검사 | G71: 수작업 | I71: 0.91 | J71: 1 | K71: 10030 | M71: 외작 | N71: 1.5 | O71: 1 | P71: =IFERROR(3600/(O71*N71)*$I71,0) -> 2184 | Q71: =IFERROR(ROUND(+$K71/P71*$J71,2),0) -> 4.59 | R71: =IFERROR(ROUND(($L71/P71),2),0) -> 0 | S71: =IFERROR(ROUND(Q71+R71,2),0) -> 4.59
A72: 9 | D72: 포장 | G72: 수작업 | I72: 0.91 | J72: 1 | K72: 10030 | M72: 외작 | N72: 2 | O72: 1 | P72: =IFERROR(3600/(O72*N72)*$I72,0) -> 1638 | Q72: =IFERROR(ROUND(+$K72/P72*$J72,2),0) -> 6.12 | R72: =IFERROR(ROUND(($L72/P72),2),0) -> 0 | S72: =IFERROR(ROUND(Q72+R72,2),0) -> 6.12
M73: 계 | Q73: =SUM(Q64:Q72) -> 310.74 | R73: =SUM(R64:R72) -> 11.74 | S73: =SUM(S64:S72) -> 322.48 | T73: 계 | X73: =SUM(X64:X72) -> 0 | Y73: =SUM(Y64:Y72) -> 0 | Z73: =SUM(Z64:Z72) -> 0
D74: 가 공 비 합 계 | M74: 내작 | Q74: =SUMIF($M$64:$M$72,$M74,$Q$64:$Q$72) -> 55.11 | R74: =SUMIF($M$64:$M$72,$M74,$R$64:$R$72) -> 10.55 | S74: =SUMIF($M$64:$M$72,$M74,$S$64:$S$72) -> 65.66 | T74: 내작 | X74: =SUMIF($T$64:$T$72,$T74,$X$64:$X$72) -> 0 | Y74: =SUMIF($T$64:$T$72,$T74,$Y$64:$Y$72) -> 0 | Z74: =SUMIF($T$64:$T$72,$T74,$Z$64:$Z$72) -> 0
M75: 외작 | Q75: =SUMIF($M$64:$M$72,$M75,$Q$64:$Q$72) -> 255.63 | R75: =SUMIF($M$64:$M$72,$M75,$R$64:$R$72) -> 1.19 | S75: =SUMIF($M$64:$M$72,$M75,$S$64:$S$72) -> 256.82 | T75: 외작 | X75: =SUMIF($T$64:$T$72,$T75,$X$64:$X$72) -> 0 | Y75: =SUMIF($T$64:$T$72,$T75,$Y$64:$Y$72) -> 0 | Z75: =SUMIF($T$64:$T$72,$T75,$Z$64:$Z$72) -> 0
